image_path,image_score,image_level_label
/data0/zh/VM-UNet/data/isic17/IMD2020/images/00006_fake.jpg,0.5,1
/data0/zh/VM-UNet/data/isic17/IMD2020/images/00009_fake.jpg,0.5,1
/data0/zh/VM-UNet/data/isic17/IMD2020/images/00010_fake_01.jpg,0.5,1
/data0/zh/VM-UNet/data/isic17/IMD2020/images/00010_fake_02.png,0.5,1
/data0/zh/VM-UNet/data/isic17/IMD2020/images/00011_fake.jpg,0.5,1
/data0/zh/VM-UNet/data/isic17/IMD2020/images/00015_fake.jpg,0.5,1
/data0/zh/VM-UNet/data/isic17/IMD2020/images/00016_fake.jpg,0.5,1
/data0/zh/VM-UNet/data/isic17/IMD2020/images/00018_fake.jpg,0.5,1
/data0/zh/VM-UNet/data/isic17/IMD2020/images/00021_fake.jpg,0.5,1
/data0/zh/VM-UNet/data/isic17/IMD2020/images/00022_fake.jpg,0.5,1
/data0/zh/VM-UNet/data/isic17/IMD2020/images/00024_fake.jpg,0.5,1
/data0/zh/VM-UNet/data/isic17/IMD2020/images/00027_fake.jpg,0.5,1
/data0/zh/VM-UNet/data/isic17/IMD2020/images/00028_fake.jpg,0.5,1
/data0/zh/VM-UNet/data/isic17/IMD2020/images/00030_fake.jpg,0.5,1
/data0/zh/VM-UNet/data/isic17/IMD2020/images/00031_fake.jpg,0.5,1
/data0/zh/VM-UNet/data/isic17/IMD2020/images/00032_fake.jpg,0.5,1
/data0/zh/VM-UNet/data/isic17/IMD2020/images/00035_fake.jpg,0.5,1
/data0/zh/VM-UNet/data/isic17/IMD2020/images/00036_fake.jpg,0.5,1
/data0/zh/VM-UNet/data/isic17/IMD2020/images/00037_fake.jpg,0.5,1
/data0/zh/VM-UNet/data/isic17/IMD2020/images/00041_fake.jpg,0.5,1
/data0/zh/VM-UNet/data/isic17/IMD2020/images/00044_fake.jpg,0.5,1
/data0/zh/VM-UNet/data/isic17/IMD2020/images/00047_fake_01.jpg,0.5,1
/data0/zh/VM-UNet/data/isic17/IMD2020/images/00047_fake_02.jpg,0.5,1
/data0/zh/VM-UNet/data/isic17/IMD2020/images/00050_fake.jpg,0.5,1
/data0/zh/VM-UNet/data/isic17/IMD2020/images/00056_fake.jpg,0.5,1
/data0/zh/VM-UNet/data/isic17/IMD2020/images/00057_fake.jpg,0.5,1
/data0/zh/VM-UNet/data/isic17/IMD2020/images/00059_fake.jpg,0.5,1
/data0/zh/VM-UNet/data/isic17/IMD2020/images/00064_fake.jpg,0.5,1
/data0/zh/VM-UNet/data/isic17/IMD2020/images/00065_fake.jpg,0.5,1
/data0/zh/VM-UNet/data/isic17/IMD2020/images/00073_fake.jpg,0.5,1
/data0/zh/VM-UNet/data/isic17/IMD2020/images/00076_fake.jpg,0.5,1
/data0/zh/VM-UNet/data/isic17/IMD2020/images/00079_fake.jpg,0.5,1
/data0/zh/VM-UNet/data/isic17/IMD2020/images/00087_fake.jpg,0.5,1
/data0/zh/VM-UNet/data/isic17/IMD2020/images/00088_fake.jpg,0.5,1
/data0/zh/VM-UNet/data/isic17/IMD2020/images/00089_fake.jpg,0.5,1
/data0/zh/VM-UNet/data/isic17/IMD2020/images/00090_fake.jpg,0.5,1
/data0/zh/VM-UNet/data/isic17/IMD2020/images/00095_fake.jpg,0.5,1
/data0/zh/VM-UNet/data/isic17/IMD2020/images/00097_fake.jpg,0.5,1
/data0/zh/VM-UNet/data/isic17/IMD2020/images/00099_fake.jpg,0.5,1
/data0/zh/VM-UNet/data/isic17/IMD2020/images/00104_fake.jpg,0.5,1
/data0/zh/VM-UNet/data/isic17/IMD2020/images/00107_fake.jpg,0.5,1
/data0/zh/VM-UNet/data/isic17/IMD2020/images/00109_fake.jpg,0.5,1
/data0/zh/VM-UNet/data/isic17/IMD2020/images/c8swtoq_0.jpg,0.5,1
/data0/zh/VM-UNet/data/isic17/IMD2020/images/c8t64te_0.jpg,0.5,1
/data0/zh/VM-UNet/data/isic17/IMD2020/images/c8t9rsw_0.jpg,0.5,1
/data0/zh/VM-UNet/data/isic17/IMD2020/images/c8tf5mq_0.png,0.5,1
/data0/zh/VM-UNet/data/isic17/IMD2020/images/c8tt7fg_0.jpg,0.5,1
/data0/zh/VM-UNet/data/isic17/IMD2020/images/c8ttni9_0.jpg,0.5,1
/data0/zh/VM-UNet/data/isic17/IMD2020/images/c8ttxcu_0.jpg,0.5,1
/data0/zh/VM-UNet/data/isic17/IMD2020/images/c8ttxi0_0.jpg,0.5,1
/data0/zh/VM-UNet/data/isic17/IMD2020/images/c8tvsnn_0.jpg,0.5,1
/data0/zh/VM-UNet/data/isic17/IMD2020/images/c8twn73_0.jpg,0.5,1
/data0/zh/VM-UNet/data/isic17/IMD2020/images/c8twvej_0.jpg,0.5,1
/data0/zh/VM-UNet/data/isic17/IMD2020/images/c8tx1h1_0.jpg,0.5,1
/data0/zh/VM-UNet/data/isic17/IMD2020/images/c8txu5x_0.jpg,0.5,1
/data0/zh/VM-UNet/data/isic17/IMD2020/images/c8ty2bs_0.jpg,0.5,1
/data0/zh/VM-UNet/data/isic17/IMD2020/images/c8tzqf0_0.jpg,0.5,1
/data0/zh/VM-UNet/data/isic17/IMD2020/images/c8u0rrz_0.jpg,0.5,1
/data0/zh/VM-UNet/data/isic17/IMD2020/images/c8u0wl4_0.jpg,0.5,1
/data0/zh/VM-UNet/data/isic17/IMD2020/images/c8u4gpd_0.jpg,0.5,1
/data0/zh/VM-UNet/data/isic17/IMD2020/images/c8u86mv_0.jpg,0.5,1
/data0/zh/VM-UNet/data/isic17/IMD2020/images/c8ua0at_0.jpg,0.5,1
/data0/zh/VM-UNet/data/isic17/IMD2020/images/c8uaap3_0.jpg,0.5,1
/data0/zh/VM-UNet/data/isic17/IMD2020/images/c8uaesm_0.jpg,0.5,1
/data0/zh/VM-UNet/data/isic17/IMD2020/images/c8ubux0_0.jpg,0.5,1
/data0/zh/VM-UNet/data/isic17/IMD2020/images/c8uc2z3_0.jpg,0.5,1
/data0/zh/VM-UNet/data/isic17/IMD2020/images/c8ucm3b_0.jpg,0.5,1
/data0/zh/VM-UNet/data/isic17/IMD2020/images/c8ue2m3_0.jpg,0.5,1
/data0/zh/VM-UNet/data/isic17/IMD2020/images/c8uefj0_0.jpg,0.5,1
/data0/zh/VM-UNet/data/isic17/IMD2020/images/c8uf70a_0.jpg,0.5,1
/data0/zh/VM-UNet/data/isic17/IMD2020/images/c8ufqah_0.png,0.5,1
/data0/zh/VM-UNet/data/isic17/IMD2020/images/c8ufr4g_0.jpg,0.5,1
/data0/zh/VM-UNet/data/isic17/IMD2020/images/c8uiddx_0.png,0.5,1
/data0/zh/VM-UNet/data/isic17/IMD2020/images/c8uiv5e_0.jpg,0.5,1
/data0/zh/VM-UNet/data/isic17/IMD2020/images/c8uka8j_0.jpg,0.5,1
/data0/zh/VM-UNet/data/isic17/IMD2020/images/c8ulbmf_0.jpg,0.5,1
/data0/zh/VM-UNet/data/isic17/IMD2020/images/c8umnyd_0.jpg,0.5,1
/data0/zh/VM-UNet/data/isic17/IMD2020/images/c8uopdm_0.jpg,0.5,1
/data0/zh/VM-UNet/data/isic17/IMD2020/images/c8v1094_0.png,0.5,1
/data0/zh/VM-UNet/data/isic17/IMD2020/images/c8v26qj_0.png,0.5,1
/data0/zh/VM-UNet/data/isic17/IMD2020/images/c8v2pbm_0.jpg,0.5,1
/data0/zh/VM-UNet/data/isic17/IMD2020/images/c8v2xno_0.jpg,0.5,1
/data0/zh/VM-UNet/data/isic17/IMD2020/images/c8v3tc5_0.png,0.5,1
/data0/zh/VM-UNet/data/isic17/IMD2020/images/c8v3xty_0.jpg,0.5,1
/data0/zh/VM-UNet/data/isic17/IMD2020/images/c8v5c8j_0.jpg,0.5,1
/data0/zh/VM-UNet/data/isic17/IMD2020/images/c8v70y3_0.png,0.5,1
/data0/zh/VM-UNet/data/isic17/IMD2020/images/c8vcovx_0.jpg,0.5,1
/data0/zh/VM-UNet/data/isic17/IMD2020/images/c8vejd9_0.jpg,0.5,1
/data0/zh/VM-UNet/data/isic17/IMD2020/images/c8vemkb_0.jpg,0.5,1
/data0/zh/VM-UNet/data/isic17/IMD2020/images/c8venih_0.jpg,0.5,1
/data0/zh/VM-UNet/data/isic17/IMD2020/images/c8vepqy_0.jpg,0.5,1
/data0/zh/VM-UNet/data/isic17/IMD2020/images/c8vf42i_0.jpg,0.5,1
/data0/zh/VM-UNet/data/isic17/IMD2020/images/c8vfd6x_0.jpg,0.5,1
/data0/zh/VM-UNet/data/isic17/IMD2020/images/c8vgphr_0.jpg,0.5,1
/data0/zh/VM-UNet/data/isic17/IMD2020/images/c8vi1sj_0.png,0.5,1
/data0/zh/VM-UNet/data/isic17/IMD2020/images/c8viohc_0.jpg,0.5,1
/data0/zh/VM-UNet/data/isic17/IMD2020/images/c8vizkp_0.jpg,0.5,1
/data0/zh/VM-UNet/data/isic17/IMD2020/images/c8vjlk1_0.jpg,0.5,1
/data0/zh/VM-UNet/data/isic17/IMD2020/images/c8vkb96_0.jpg,0.5,1
/data0/zh/VM-UNet/data/isic17/IMD2020/images/c8vkbiq_0.jpg,0.5,1
/data0/zh/VM-UNet/data/isic17/IMD2020/images/c8vkf28_0.jpg,0.5,1
/data0/zh/VM-UNet/data/isic17/IMD2020/images/c8vklwm_0.png,0.5,1
/data0/zh/VM-UNet/data/isic17/IMD2020/images/c8vm7al_0.jpg,0.5,1
/data0/zh/VM-UNet/data/isic17/IMD2020/images/c8vnyrx_0.jpg,0.5,1
/data0/zh/VM-UNet/data/isic17/IMD2020/images/c8vo3wv_0.jpg,0.5,1
/data0/zh/VM-UNet/data/isic17/IMD2020/images/c8vol8v_0.jpg,0.5,1
/data0/zh/VM-UNet/data/isic17/IMD2020/images/c8voq23_0.jpg,0.5,1
/data0/zh/VM-UNet/data/isic17/IMD2020/images/c8vpmfd_0.jpg,0.5,1
/data0/zh/VM-UNet/data/isic17/IMD2020/images/c8vqeqw_0.jpg,0.5,1
/data0/zh/VM-UNet/data/isic17/IMD2020/images/c8vqhe0_0.jpg,0.5,1
/data0/zh/VM-UNet/data/isic17/IMD2020/images/c8w0a7n_0.jpg,0.5,1
/data0/zh/VM-UNet/data/isic17/IMD2020/images/c8w0r2r_0.jpg,0.5,1
/data0/zh/VM-UNet/data/isic17/IMD2020/images/c8w0y2v_0.jpg,0.5,1
/data0/zh/VM-UNet/data/isic17/IMD2020/images/c8w2mlr_0.jpg,0.5,1
/data0/zh/VM-UNet/data/isic17/IMD2020/images/c8w5v0p_0.jpg,0.5,1
/data0/zh/VM-UNet/data/isic17/IMD2020/images/c8w9n2q_0.png,0.5,1
/data0/zh/VM-UNet/data/isic17/IMD2020/images/c8wantc_0.jpg,0.5,1
/data0/zh/VM-UNet/data/isic17/IMD2020/images/c8wars7_0.jpg,0.5,1
/data0/zh/VM-UNet/data/isic17/IMD2020/images/c8wbo4v_0.jpg,0.5,1
/data0/zh/VM-UNet/data/isic17/IMD2020/images/c8wc5ln_0.png,0.5,1
/data0/zh/VM-UNet/data/isic17/IMD2020/images/c8wc6jq_0.png,0.5,1
/data0/zh/VM-UNet/data/isic17/IMD2020/images/c8wc7vs_0.jpg,0.5,1
/data0/zh/VM-UNet/data/isic17/IMD2020/images/c8wcbsq_0.jpg,0.5,1
/data0/zh/VM-UNet/data/isic17/IMD2020/images/c8wcfx9_0.jpg,0.5,1
/data0/zh/VM-UNet/data/isic17/IMD2020/images/c8wclzm_0.jpg,0.5,1
/data0/zh/VM-UNet/data/isic17/IMD2020/images/c8wcodr_0.jpg,0.5,1
/data0/zh/VM-UNet/data/isic17/IMD2020/images/c8wcpg5_0.png,0.5,1
/data0/zh/VM-UNet/data/isic17/IMD2020/images/c8wdsc1_0.jpg,0.5,1
/data0/zh/VM-UNet/data/isic17/IMD2020/images/c8wrczy_0.jpg,0.5,1
/data0/zh/VM-UNet/data/isic17/IMD2020/images/c8wrglm_0.jpg,0.5,1
/data0/zh/VM-UNet/data/isic17/IMD2020/images/c8wrw4f_0.jpg,0.5,1
/data0/zh/VM-UNet/data/isic17/IMD2020/images/c8wry2k_0.jpg,0.5,1
/data0/zh/VM-UNet/data/isic17/IMD2020/images/c8wsol6_0.jpg,0.5,1
/data0/zh/VM-UNet/data/isic17/IMD2020/images/c8wt4r2_0.jpg,0.5,1
/data0/zh/VM-UNet/data/isic17/IMD2020/images/c8wtc5y_0.jpg,0.5,1
/data0/zh/VM-UNet/data/isic17/IMD2020/images/c8wte77_0.jpg,0.5,1
/data0/zh/VM-UNet/data/isic17/IMD2020/images/c8wtjmm_0.png,0.5,1
/data0/zh/VM-UNet/data/isic17/IMD2020/images/c8wu4jn_0.jpg,0.5,1
/data0/zh/VM-UNet/data/isic17/IMD2020/images/c8wufvd_0.png,0.5,1
/data0/zh/VM-UNet/data/isic17/IMD2020/images/c8wuvts_0.png,0.5,1
/data0/zh/VM-UNet/data/isic17/IMD2020/images/c8wvegs_0.jpg,0.5,1
/data0/zh/VM-UNet/data/isic17/IMD2020/images/c8wwgw2_0.jpg,0.5,1
/data0/zh/VM-UNet/data/isic17/IMD2020/images/c8wwrie_0.jpg,0.5,1
/data0/zh/VM-UNet/data/isic17/IMD2020/images/c8wx8en_0.jpg,0.5,1
/data0/zh/VM-UNet/data/isic17/IMD2020/images/c8wxqdn_0.jpg,0.5,1
/data0/zh/VM-UNet/data/isic17/IMD2020/images/c8wyxuh_0.jpg,0.5,1
/data0/zh/VM-UNet/data/isic17/IMD2020/images/c8wz8qw_0.jpg,0.5,1
/data0/zh/VM-UNet/data/isic17/IMD2020/images/c8wziyg_0.jpg,0.5,1
/data0/zh/VM-UNet/data/isic17/IMD2020/images/c8x0x1t_0.jpg,0.5,1
/data0/zh/VM-UNet/data/isic17/IMD2020/images/c8x1pe8_0.jpg,0.5,1
/data0/zh/VM-UNet/data/isic17/IMD2020/images/c8x27kq_0.jpg,0.5,1
/data0/zh/VM-UNet/data/isic17/IMD2020/images/c8x2s20_0.jpg,0.5,1
/data0/zh/VM-UNet/data/isic17/IMD2020/images/c8x3rcx_0.jpg,0.5,1
/data0/zh/VM-UNet/data/isic17/IMD2020/images/c8x9xkj_0.jpg,0.5,1
/data0/zh/VM-UNet/data/isic17/IMD2020/images/c8xa1qd_0.jpg,0.5,1
/data0/zh/VM-UNet/data/isic17/IMD2020/images/c8xanp8_0.png,0.5,1
/data0/zh/VM-UNet/data/isic17/IMD2020/images/c8xariv_0.jpg,0.5,1
/data0/zh/VM-UNet/data/isic17/IMD2020/images/c8xbjz3_0.jpg,0.5,1
/data0/zh/VM-UNet/data/isic17/IMD2020/images/c8xd6bv_0.jpg,0.5,1
/data0/zh/VM-UNet/data/isic17/IMD2020/images/c8xdawa_0.jpg,0.5,1
/data0/zh/VM-UNet/data/isic17/IMD2020/images/c8xfpsi_0.png,0.5,1
/data0/zh/VM-UNet/data/isic17/IMD2020/images/c8xgdhj_0.jpg,0.5,1
/data0/zh/VM-UNet/data/isic17/IMD2020/images/c8xgnf4_0.jpg,0.5,1
/data0/zh/VM-UNet/data/isic17/IMD2020/images/c8xhzdr_0.jpg,0.5,1
/data0/zh/VM-UNet/data/isic17/IMD2020/images/c8xkcsl_0.jpg,0.5,1
/data0/zh/VM-UNet/data/isic17/IMD2020/images/c8xtrds_0.jpg,0.5,1
/data0/zh/VM-UNet/data/isic17/IMD2020/images/c8xujpn_0.jpg,0.5,1
/data0/zh/VM-UNet/data/isic17/IMD2020/images/c8y2qcw_0.jpg,0.5,1
/data0/zh/VM-UNet/data/isic17/IMD2020/images/c8y2vvo_0.jpg,0.5,1
/data0/zh/VM-UNet/data/isic17/IMD2020/images/c8y31sd_0.jpg,0.5,1
/data0/zh/VM-UNet/data/isic17/IMD2020/images/c8y3utt_0.jpg,0.5,1
/data0/zh/VM-UNet/data/isic17/IMD2020/images/c8y55d9_0.jpg,0.5,1
/data0/zh/VM-UNet/data/isic17/IMD2020/images/c8y5f1t_0.jpg,0.5,1
/data0/zh/VM-UNet/data/isic17/IMD2020/images/c8y9zbo_0.jpg,0.5,1
/data0/zh/VM-UNet/data/isic17/IMD2020/images/c8yaujz_0.jpg,0.5,1
/data0/zh/VM-UNet/data/isic17/IMD2020/images/c8yb71t_0.jpg,0.5,1
/data0/zh/VM-UNet/data/isic17/IMD2020/images/c8ybsvm_0.png,0.5,1
/data0/zh/VM-UNet/data/isic17/IMD2020/images/c8yc2ry_0.jpg,0.5,1
/data0/zh/VM-UNet/data/isic17/IMD2020/images/c8ydsfu_0.jpg,0.5,1
/data0/zh/VM-UNet/data/isic17/IMD2020/images/c8ye71b_0.jpg,0.5,1
/data0/zh/VM-UNet/data/isic17/IMD2020/images/c8yea0e_0.jpg,0.5,1
/data0/zh/VM-UNet/data/isic17/IMD2020/images/c8yfhte_0.jpg,0.5,1
/data0/zh/VM-UNet/data/isic17/IMD2020/images/c8yh8v9_0.jpg,0.5,1
/data0/zh/VM-UNet/data/isic17/IMD2020/images/c8yhi3a_0.jpg,0.5,1
/data0/zh/VM-UNet/data/isic17/IMD2020/images/c8yhtxf_0.jpg,0.5,1
/data0/zh/VM-UNet/data/isic17/IMD2020/images/c8yib78_0.png,0.5,1
/data0/zh/VM-UNet/data/isic17/IMD2020/images/c8yipuf_0.jpg,0.5,1
/data0/zh/VM-UNet/data/isic17/IMD2020/images/c8yiqdr_0.jpg,0.5,1
/data0/zh/VM-UNet/data/isic17/IMD2020/images/c8yj464_0.png,0.5,1
/data0/zh/VM-UNet/data/isic17/IMD2020/images/c8yjs3y_0.jpg,0.5,1
/data0/zh/VM-UNet/data/isic17/IMD2020/images/c8yjscj_0.png,0.5,1
/data0/zh/VM-UNet/data/isic17/IMD2020/images/c8yjv4u_0.jpg,0.5,1
/data0/zh/VM-UNet/data/isic17/IMD2020/images/c8ynnae_0.jpg,0.5,1
/data0/zh/VM-UNet/data/isic17/IMD2020/images/c8ypb15_0.jpg,0.5,1
/data0/zh/VM-UNet/data/isic17/IMD2020/images/c8yqawk_0.png,0.5,1
/data0/zh/VM-UNet/data/isic17/IMD2020/images/c8yv0ld_0.jpg,0.5,1
/data0/zh/VM-UNet/data/isic17/IMD2020/images/c8yvmji_0.jpg,0.5,1
/data0/zh/VM-UNet/data/isic17/IMD2020/images/c8z0zg4_0.jpg,0.5,1
/data0/zh/VM-UNet/data/isic17/IMD2020/images/c8z1qqq_0.jpg,0.5,1
/data0/zh/VM-UNet/data/isic17/IMD2020/images/c8z1ubs_0.jpg,0.5,1
/data0/zh/VM-UNet/data/isic17/IMD2020/images/c8z27jg_0.jpg,0.5,1
/data0/zh/VM-UNet/data/isic17/IMD2020/images/c8z2itj_0.jpg,0.5,1
/data0/zh/VM-UNet/data/isic17/IMD2020/images/c8z31h1_0.jpg,0.5,1
/data0/zh/VM-UNet/data/isic17/IMD2020/images/c8z3et9_0.jpg,0.5,1
/data0/zh/VM-UNet/data/isic17/IMD2020/images/c8z3l9n_0.jpg,0.5,1
/data0/zh/VM-UNet/data/isic17/IMD2020/images/c8z3m7v_0.jpg,0.5,1
/data0/zh/VM-UNet/data/isic17/IMD2020/images/c8z3q6p_0.png,0.5,1
/data0/zh/VM-UNet/data/isic17/IMD2020/images/c8z4ldo_0.jpg,0.5,1
/data0/zh/VM-UNet/data/isic17/IMD2020/images/c8z4o30_0.jpg,0.5,1
/data0/zh/VM-UNet/data/isic17/IMD2020/images/c8z50ak_0.png,0.5,1
/data0/zh/VM-UNet/data/isic17/IMD2020/images/c8z82ta_0.jpg,0.5,1
/data0/zh/VM-UNet/data/isic17/IMD2020/images/c8zax0v_0.jpg,0.5,1
/data0/zh/VM-UNet/data/isic17/IMD2020/images/c8zb000_0.jpg,0.5,1
/data0/zh/VM-UNet/data/isic17/IMD2020/images/c8zefoe_0.jpg,0.5,1
/data0/zh/VM-UNet/data/isic17/IMD2020/images/c8zepg5_0.jpg,0.5,1
/data0/zh/VM-UNet/data/isic17/IMD2020/images/c8zexo2_0.jpg,0.5,1
/data0/zh/VM-UNet/data/isic17/IMD2020/images/c8zezwq_0.jpg,0.5,1
/data0/zh/VM-UNet/data/isic17/IMD2020/images/c8zf0hg_0.jpg,0.5,1
/data0/zh/VM-UNet/data/isic17/IMD2020/images/c8zg45r_0.jpg,0.5,1
/data0/zh/VM-UNet/data/isic17/IMD2020/images/c8zijis_0.jpg,0.5,1
/data0/zh/VM-UNet/data/isic17/IMD2020/images/c8zj217_0.jpg,0.5,1
/data0/zh/VM-UNet/data/isic17/IMD2020/images/c8zj234_0.jpg,0.5,1
/data0/zh/VM-UNet/data/isic17/IMD2020/images/c8zjhlp_0.jpg,0.5,1
/data0/zh/VM-UNet/data/isic17/IMD2020/images/c8zjp3h_0.jpg,0.5,1
/data0/zh/VM-UNet/data/isic17/IMD2020/images/c8zkjgp_0.jpg,0.5,1
/data0/zh/VM-UNet/data/isic17/IMD2020/images/c8zmf37_0.jpg,0.5,1
/data0/zh/VM-UNet/data/isic17/IMD2020/images/c8zp10g_0.jpg,0.5,1
/data0/zh/VM-UNet/data/isic17/IMD2020/images/c8zpxv6_0.jpg,0.5,1
/data0/zh/VM-UNet/data/isic17/IMD2020/images/c8zqh4c_0.jpg,0.5,1
/data0/zh/VM-UNet/data/isic17/IMD2020/images/c8zsg4j_0.jpg,0.5,1
/data0/zh/VM-UNet/data/isic17/IMD2020/images/c8zsnr4_0.png,0.5,1
/data0/zh/VM-UNet/data/isic17/IMD2020/images/c8zstoa_0.jpg,0.5,1
/data0/zh/VM-UNet/data/isic17/IMD2020/images/c8zt718_0.png,0.5,1
/data0/zh/VM-UNet/data/isic17/IMD2020/images/c8zta7f_0.jpg,0.5,1
/data0/zh/VM-UNet/data/isic17/IMD2020/images/c8ztmnk_0.jpg,0.5,1
/data0/zh/VM-UNet/data/isic17/IMD2020/images/c8zttpz_0.png,0.5,1
/data0/zh/VM-UNet/data/isic17/IMD2020/images/c8ztu03_0.jpg,0.5,1
/data0/zh/VM-UNet/data/isic17/IMD2020/images/c8zu1fj_0.jpg,0.5,1
/data0/zh/VM-UNet/data/isic17/IMD2020/images/c8zuhhz_0.jpg,0.5,1
/data0/zh/VM-UNet/data/isic17/IMD2020/images/c8zv3tl_0.jpg,0.5,1
/data0/zh/VM-UNet/data/isic17/IMD2020/images/c8zvzmp_0.jpg,0.5,1
/data0/zh/VM-UNet/data/isic17/IMD2020/images/c8zw8i7_0.jpg,0.5,1
/data0/zh/VM-UNet/data/isic17/IMD2020/images/c8zwpv6_0.jpg,0.5,1
/data0/zh/VM-UNet/data/isic17/IMD2020/images/c8zymv9_0.jpg,0.5,1
/data0/zh/VM-UNet/data/isic17/IMD2020/images/c9026js_0.jpg,0.5,1
/data0/zh/VM-UNet/data/isic17/IMD2020/images/c90580v_0.jpg,0.5,1
/data0/zh/VM-UNet/data/isic17/IMD2020/images/c908vvn_0.jpg,0.5,1
/data0/zh/VM-UNet/data/isic17/IMD2020/images/c908yxz_0.jpg,0.5,1
/data0/zh/VM-UNet/data/isic17/IMD2020/images/c909zbe_0.jpg,0.5,1
/data0/zh/VM-UNet/data/isic17/IMD2020/images/c90c2o3_0.jpg,0.5,1
/data0/zh/VM-UNet/data/isic17/IMD2020/images/c90c412_0.jpg,0.5,1
/data0/zh/VM-UNet/data/isic17/IMD2020/images/c90ciwt_0.png,0.5,1
/data0/zh/VM-UNet/data/isic17/IMD2020/images/c90cmeo_0.jpg,0.5,1
/data0/zh/VM-UNet/data/isic17/IMD2020/images/c90coip_0.jpg,0.5,1
/data0/zh/VM-UNet/data/isic17/IMD2020/images/c90cqnr_0.jpg,0.5,1
/data0/zh/VM-UNet/data/isic17/IMD2020/images/c90d7x7_0.jpg,0.5,1
/data0/zh/VM-UNet/data/isic17/IMD2020/images/c90d9fr_0.jpg,0.5,1
/data0/zh/VM-UNet/data/isic17/IMD2020/images/c90dflh_0.jpg,0.5,1
/data0/zh/VM-UNet/data/isic17/IMD2020/images/c90do08_0.jpg,0.5,1
/data0/zh/VM-UNet/data/isic17/IMD2020/images/c90dujh_0.jpg,0.5,1
/data0/zh/VM-UNet/data/isic17/IMD2020/images/c90dutg_0.jpg,0.5,1
/data0/zh/VM-UNet/data/isic17/IMD2020/images/c90ef5n_0.jpg,0.5,1
/data0/zh/VM-UNet/data/isic17/IMD2020/images/c90eken_0.jpg,0.5,1
/data0/zh/VM-UNet/data/isic17/IMD2020/images/c90fxcd_0.jpg,0.5,1
/data0/zh/VM-UNet/data/isic17/IMD2020/images/c90g14e_0.jpg,0.5,1
/data0/zh/VM-UNet/data/isic17/IMD2020/images/c90g2uu_0.jpg,0.5,1
/data0/zh/VM-UNet/data/isic17/IMD2020/images/c90hy8l_0.jpg,0.5,1
/data0/zh/VM-UNet/data/isic17/IMD2020/images/c90i4n3_0.jpg,0.5,1
/data0/zh/VM-UNet/data/isic17/IMD2020/images/c90jgir_0.jpg,0.5,1
/data0/zh/VM-UNet/data/isic17/IMD2020/images/c90k1ai_0.jpg,0.5,1
/data0/zh/VM-UNet/data/isic17/IMD2020/images/c90lr6w_0.jpg,0.5,1
/data0/zh/VM-UNet/data/isic17/IMD2020/images/c90mtx6_0.jpg,0.5,1
/data0/zh/VM-UNet/data/isic17/IMD2020/images/c90n1qm_0.jpg,0.5,1
/data0/zh/VM-UNet/data/isic17/IMD2020/images/c90nr8m_0.jpg,0.5,1
/data0/zh/VM-UNet/data/isic17/IMD2020/images/c90o4ei_0.jpg,0.5,1
/data0/zh/VM-UNet/data/isic17/IMD2020/images/c90o79c_0.jpg,0.5,1
/data0/zh/VM-UNet/data/isic17/IMD2020/images/c90oh9u_0.jpg,0.5,1
/data0/zh/VM-UNet/data/isic17/IMD2020/images/c90okur_0.jpg,0.5,1
/data0/zh/VM-UNet/data/isic17/IMD2020/images/c90omlo_0.jpg,0.5,1
/data0/zh/VM-UNet/data/isic17/IMD2020/images/c90os5y_0.jpg,0.5,1
/data0/zh/VM-UNet/data/isic17/IMD2020/images/c90prjy_0.jpg,0.5,1
/data0/zh/VM-UNet/data/isic17/IMD2020/images/c90pt3k_0.jpg,0.5,1
/data0/zh/VM-UNet/data/isic17/IMD2020/images/c90pv3g_0.png,0.5,1
/data0/zh/VM-UNet/data/isic17/IMD2020/images/c90q0i2_0.jpg,0.5,1
/data0/zh/VM-UNet/data/isic17/IMD2020/images/c90q79y_0.jpg,0.5,1
/data0/zh/VM-UNet/data/isic17/IMD2020/images/c90ra8t_0.jpg,0.5,1
/data0/zh/VM-UNet/data/isic17/IMD2020/images/c90rlp6_0.jpg,0.5,1
/data0/zh/VM-UNet/data/isic17/IMD2020/images/c90s0h8_0.jpg,0.5,1
/data0/zh/VM-UNet/data/isic17/IMD2020/images/c90sb3t_0.jpg,0.5,1
/data0/zh/VM-UNet/data/isic17/IMD2020/images/c90sp6y_0.jpg,0.5,1
/data0/zh/VM-UNet/data/isic17/IMD2020/images/c90xtlr_0.png,0.5,1
/data0/zh/VM-UNet/data/isic17/IMD2020/images/c90yb6c_0.jpg,0.5,1
/data0/zh/VM-UNet/data/isic17/IMD2020/images/c90z7wb_0.png,0.5,1
/data0/zh/VM-UNet/data/isic17/IMD2020/images/c90zh16_0.jpg,0.5,1
/data0/zh/VM-UNet/data/isic17/IMD2020/images/c90zhs7_0.jpg,0.5,1
/data0/zh/VM-UNet/data/isic17/IMD2020/images/c90znhl_0.jpg,0.5,1
/data0/zh/VM-UNet/data/isic17/IMD2020/images/c90znpe_0.jpg,0.5,1
/data0/zh/VM-UNet/data/isic17/IMD2020/images/c910bn6_0.jpg,0.5,1
/data0/zh/VM-UNet/data/isic17/IMD2020/images/c910i2y_0.jpg,0.5,1
/data0/zh/VM-UNet/data/isic17/IMD2020/images/c910wxp_0.jpg,0.5,1
/data0/zh/VM-UNet/data/isic17/IMD2020/images/c911e7z_0.jpg,0.5,1
/data0/zh/VM-UNet/data/isic17/IMD2020/images/c911vlp_0.jpg,0.5,1
/data0/zh/VM-UNet/data/isic17/IMD2020/images/c912un2_0.jpg,0.5,1
/data0/zh/VM-UNet/data/isic17/IMD2020/images/c912yu8_0.jpg,0.5,1
/data0/zh/VM-UNet/data/isic17/IMD2020/images/c9132um_0.jpg,0.5,1
/data0/zh/VM-UNet/data/isic17/IMD2020/images/c91338s_0.jpg,0.5,1
/data0/zh/VM-UNet/data/isic17/IMD2020/images/c91416c_0.jpg,0.5,1
/data0/zh/VM-UNet/data/isic17/IMD2020/images/c9163k4_0.jpg,0.5,1
/data0/zh/VM-UNet/data/isic17/IMD2020/images/c91681h_0.jpg,0.5,1
/data0/zh/VM-UNet/data/isic17/IMD2020/images/c9187tg_0.jpg,0.5,1
/data0/zh/VM-UNet/data/isic17/IMD2020/images/c919ztm_0.jpg,0.5,1
/data0/zh/VM-UNet/data/isic17/IMD2020/images/c91g0zs_0.jpg,0.5,1
/data0/zh/VM-UNet/data/isic17/IMD2020/images/c91g223_0.jpg,0.5,1
/data0/zh/VM-UNet/data/isic17/IMD2020/images/c91gqec_0.jpg,0.5,1
/data0/zh/VM-UNet/data/isic17/IMD2020/images/c91gxlz_0.jpg,0.5,1
/data0/zh/VM-UNet/data/isic17/IMD2020/images/c91h0oh_0.png,0.5,1
/data0/zh/VM-UNet/data/isic17/IMD2020/images/c91h8oi_0.jpg,0.5,1
/data0/zh/VM-UNet/data/isic17/IMD2020/images/c91hclm_0.jpg,0.5,1
/data0/zh/VM-UNet/data/isic17/IMD2020/images/c91js2j_0.jpg,0.5,1
/data0/zh/VM-UNet/data/isic17/IMD2020/images/c91kvfk_0.jpg,0.5,1
/data0/zh/VM-UNet/data/isic17/IMD2020/images/c91lgra_0.jpg,0.5,1
/data0/zh/VM-UNet/data/isic17/IMD2020/images/c91lxbv_0.jpg,0.5,1
/data0/zh/VM-UNet/data/isic17/IMD2020/images/c91mttb_0.png,0.5,1
/data0/zh/VM-UNet/data/isic17/IMD2020/images/c91nl9x_0.jpg,0.5,1
/data0/zh/VM-UNet/data/isic17/IMD2020/images/c91o1ca_0.jpg,0.5,1
/data0/zh/VM-UNet/data/isic17/IMD2020/images/c91o8wl_0.jpg,0.5,1
/data0/zh/VM-UNet/data/isic17/IMD2020/images/c91oecj_0.jpg,0.5,1
/data0/zh/VM-UNet/data/isic17/IMD2020/images/c91ot4e_0.jpg,0.5,1
/data0/zh/VM-UNet/data/isic17/IMD2020/images/c91pkp5_0.jpg,0.5,1
/data0/zh/VM-UNet/data/isic17/IMD2020/images/c91qncg_0.jpg,0.5,1
/data0/zh/VM-UNet/data/isic17/IMD2020/images/c91s2tg_0.jpg,0.5,1
/data0/zh/VM-UNet/data/isic17/IMD2020/images/c91t61z_0.jpg,0.5,1
/data0/zh/VM-UNet/data/isic17/IMD2020/images/c91tgga_0.jpg,0.5,1
/data0/zh/VM-UNet/data/isic17/IMD2020/images/c91ujvf_0.jpg,0.5,1
/data0/zh/VM-UNet/data/isic17/IMD2020/images/c91wof4_0.jpg,0.5,1
/data0/zh/VM-UNet/data/isic17/IMD2020/images/c91x9y7_0.jpg,0.5,1
/data0/zh/VM-UNet/data/isic17/IMD2020/images/c91z2wh_0.jpg,0.5,1
/data0/zh/VM-UNet/data/isic17/IMD2020/images/c923dj8_0.jpg,0.5,1
/data0/zh/VM-UNet/data/isic17/IMD2020/images/c925i21_0.jpg,0.5,1
/data0/zh/VM-UNet/data/isic17/IMD2020/images/c9266q1_0.jpg,0.5,1
/data0/zh/VM-UNet/data/isic17/IMD2020/images/c926it4_0.jpg,0.5,1
/data0/zh/VM-UNet/data/isic17/IMD2020/images/c928dvs_0.jpg,0.5,1
/data0/zh/VM-UNet/data/isic17/IMD2020/images/c928p9k_0.png,0.5,1
/data0/zh/VM-UNet/data/isic17/IMD2020/images/c928z82_0.jpg,0.5,1
/data0/zh/VM-UNet/data/isic17/IMD2020/images/c929k2x_0.jpg,0.5,1
/data0/zh/VM-UNet/data/isic17/IMD2020/images/c929r39_0.jpg,0.5,1
/data0/zh/VM-UNet/data/isic17/IMD2020/images/c92a3eh_0.jpg,0.5,1
/data0/zh/VM-UNet/data/isic17/IMD2020/images/c92ai3g_0.png,0.5,1
/data0/zh/VM-UNet/data/isic17/IMD2020/images/c92ansy_0.jpg,0.5,1
/data0/zh/VM-UNet/data/isic17/IMD2020/images/c92atfy_0.jpg,0.5,1
/data0/zh/VM-UNet/data/isic17/IMD2020/images/c92b5tv_0.jpg,0.5,1
/data0/zh/VM-UNet/data/isic17/IMD2020/images/c92be1o_0.jpg,0.5,1
/data0/zh/VM-UNet/data/isic17/IMD2020/images/c92cabj_0.jpg,0.5,1
/data0/zh/VM-UNet/data/isic17/IMD2020/images/c92cbi6_0.jpg,0.5,1
/data0/zh/VM-UNet/data/isic17/IMD2020/images/c92cltu_0.jpg,0.5,1
/data0/zh/VM-UNet/data/isic17/IMD2020/images/c92coio_0.jpg,0.5,1
/data0/zh/VM-UNet/data/isic17/IMD2020/images/c92df1g_0.jpg,0.5,1
/data0/zh/VM-UNet/data/isic17/IMD2020/images/c92dfhw_0.jpg,0.5,1
/data0/zh/VM-UNet/data/isic17/IMD2020/images/c92dgp0_0.jpg,0.5,1
/data0/zh/VM-UNet/data/isic17/IMD2020/images/c92dxhr_0.jpg,0.5,1
/data0/zh/VM-UNet/data/isic17/IMD2020/images/c92dy1z_0.jpg,0.5,1
/data0/zh/VM-UNet/data/isic17/IMD2020/images/c92ebc2_0.jpg,0.5,1
/data0/zh/VM-UNet/data/isic17/IMD2020/images/c92eu2z_0.jpg,0.5,1
/data0/zh/VM-UNet/data/isic17/IMD2020/images/c92fby0_0.jpg,0.5,1
/data0/zh/VM-UNet/data/isic17/IMD2020/images/c92glob_0.jpg,0.5,1
/data0/zh/VM-UNet/data/isic17/IMD2020/images/c92gt3h_0.jpg,0.5,1
/data0/zh/VM-UNet/data/isic17/IMD2020/images/c92gvqy_0.jpg,0.5,1
/data0/zh/VM-UNet/data/isic17/IMD2020/images/c92hrf9_0.jpg,0.5,1
/data0/zh/VM-UNet/data/isic17/IMD2020/images/c92hsr5_0.jpg,0.5,1
/data0/zh/VM-UNet/data/isic17/IMD2020/images/c92jm4u_0.jpg,0.5,1
/data0/zh/VM-UNet/data/isic17/IMD2020/images/c92lydr_0.jpg,0.5,1
/data0/zh/VM-UNet/data/isic17/IMD2020/images/c92m6qm_0.png,0.5,1
/data0/zh/VM-UNet/data/isic17/IMD2020/images/c92n9gt_0.png,0.5,1
/data0/zh/VM-UNet/data/isic17/IMD2020/images/c92nwb3_0.jpg,0.5,1
/data0/zh/VM-UNet/data/isic17/IMD2020/images/c92onbn_0.png,0.5,1
/data0/zh/VM-UNet/data/isic17/IMD2020/images/c92p68x_0.jpg,0.5,1
/data0/zh/VM-UNet/data/isic17/IMD2020/images/c92pqca_0.jpg,0.5,1
/data0/zh/VM-UNet/data/isic17/IMD2020/images/c92psdg_0.jpg,0.5,1
/data0/zh/VM-UNet/data/isic17/IMD2020/images/c92q0xi_0.jpg,0.5,1
/data0/zh/VM-UNet/data/isic17/IMD2020/images/c92q0yd_0.jpg,0.5,1
/data0/zh/VM-UNet/data/isic17/IMD2020/images/c92q18a_0.jpg,0.5,1
/data0/zh/VM-UNet/data/isic17/IMD2020/images/c92q42b_0.png,0.5,1
/data0/zh/VM-UNet/data/isic17/IMD2020/images/c92q4n1_0.jpg,0.5,1
/data0/zh/VM-UNet/data/isic17/IMD2020/images/c92qfqu_0.png,0.5,1
/data0/zh/VM-UNet/data/isic17/IMD2020/images/c92qgq8_0.jpg,0.5,1
/data0/zh/VM-UNet/data/isic17/IMD2020/images/c92qhl9_0.jpg,0.5,1
/data0/zh/VM-UNet/data/isic17/IMD2020/images/c92qjd8_0.jpg,0.5,1
/data0/zh/VM-UNet/data/isic17/IMD2020/images/c92qres_0.jpg,0.5,1
/data0/zh/VM-UNet/data/isic17/IMD2020/images/c92qw48_0.jpg,0.5,1
/data0/zh/VM-UNet/data/isic17/IMD2020/images/c92qy35_0.png,0.5,1
/data0/zh/VM-UNet/data/isic17/IMD2020/images/c92rwnu_0.png,0.5,1
/data0/zh/VM-UNet/data/isic17/IMD2020/images/c92s0oq_0.jpg,0.5,1
/data0/zh/VM-UNet/data/isic17/IMD2020/images/c92s1zk_0.jpg,0.5,1
/data0/zh/VM-UNet/data/isic17/IMD2020/images/c92slcj_0.jpg,0.5,1
/data0/zh/VM-UNet/data/isic17/IMD2020/images/c92sqgw_0.jpg,0.5,1
/data0/zh/VM-UNet/data/isic17/IMD2020/images/c92urd0_0.jpg,0.5,1
/data0/zh/VM-UNet/data/isic17/IMD2020/images/c92us74_0.jpg,0.5,1
/data0/zh/VM-UNet/data/isic17/IMD2020/images/c92uvo3_0.jpg,0.5,1
/data0/zh/VM-UNet/data/isic17/IMD2020/images/c92v7b9_0.jpg,0.5,1
/data0/zh/VM-UNet/data/isic17/IMD2020/images/c92va3t_0.jpg,0.5,1
/data0/zh/VM-UNet/data/isic17/IMD2020/images/c92vi3h_0.png,0.5,1
/data0/zh/VM-UNet/data/isic17/IMD2020/images/c92vzrm_0.jpg,0.5,1
/data0/zh/VM-UNet/data/isic17/IMD2020/images/c92wjsi_0.jpg,0.5,1
/data0/zh/VM-UNet/data/isic17/IMD2020/images/c92wo0u_0.jpg,0.5,1
/data0/zh/VM-UNet/data/isic17/IMD2020/images/c92xk95_0.jpg,0.5,1
/data0/zh/VM-UNet/data/isic17/IMD2020/images/c92zq41_0.jpg,0.5,1
/data0/zh/VM-UNet/data/isic17/IMD2020/images/c92zvkq_0.jpg,0.5,1
/data0/zh/VM-UNet/data/isic17/IMD2020/images/c9306r3_0.jpg,0.5,1
/data0/zh/VM-UNet/data/isic17/IMD2020/images/c930c3q_0.jpg,0.5,1
/data0/zh/VM-UNet/data/isic17/IMD2020/images/c930hby_0.png,0.5,1
/data0/zh/VM-UNet/data/isic17/IMD2020/images/c933r08_0.jpg,0.5,1
/data0/zh/VM-UNet/data/isic17/IMD2020/images/c934im7_0.jpg,0.5,1
/data0/zh/VM-UNet/data/isic17/IMD2020/images/c9350xa_0.jpg,0.5,1
/data0/zh/VM-UNet/data/isic17/IMD2020/images/c935hvo_0.jpg,0.5,1
/data0/zh/VM-UNet/data/isic17/IMD2020/images/c935n1j_0.jpg,0.5,1
/data0/zh/VM-UNet/data/isic17/IMD2020/images/c935pb2_0.jpg,0.5,1
/data0/zh/VM-UNet/data/isic17/IMD2020/images/c936lfy_0.jpg,0.5,1
/data0/zh/VM-UNet/data/isic17/IMD2020/images/c936xo5_0.png,0.5,1
/data0/zh/VM-UNet/data/isic17/IMD2020/images/c938omt_0.png,0.5,1
/data0/zh/VM-UNet/data/isic17/IMD2020/images/c93czl5_0.jpg,0.5,1
/data0/zh/VM-UNet/data/isic17/IMD2020/images/c93e2q1_0.png,0.5,1
/data0/zh/VM-UNet/data/isic17/IMD2020/images/c93ewwm_0.jpg,0.5,1
/data0/zh/VM-UNet/data/isic17/IMD2020/images/c93f747_0.jpg,0.5,1
/data0/zh/VM-UNet/data/isic17/IMD2020/images/c93ft3o_0.jpg,0.5,1
/data0/zh/VM-UNet/data/isic17/IMD2020/images/c93g8n1_0.jpg,0.5,1
/data0/zh/VM-UNet/data/isic17/IMD2020/images/c93gd4c_0.jpg,0.5,1
/data0/zh/VM-UNet/data/isic17/IMD2020/images/c93gg4y_0.png,0.5,1
/data0/zh/VM-UNet/data/isic17/IMD2020/images/c93gtrk_0.jpg,0.5,1
/data0/zh/VM-UNet/data/isic17/IMD2020/images/c93hbzp_0.png,0.5,1
/data0/zh/VM-UNet/data/isic17/IMD2020/images/c93hgyn_0.jpg,0.5,1
/data0/zh/VM-UNet/data/isic17/IMD2020/images/c93hwyp_0.jpg,0.5,1
/data0/zh/VM-UNet/data/isic17/IMD2020/images/c93i12g_0.jpg,0.5,1
/data0/zh/VM-UNet/data/isic17/IMD2020/images/c93idi8_0.jpg,0.5,1
/data0/zh/VM-UNet/data/isic17/IMD2020/images/c93ie4w_0.jpg,0.5,1
/data0/zh/VM-UNet/data/isic17/IMD2020/images/c93is7s_0.jpg,0.5,1
/data0/zh/VM-UNet/data/isic17/IMD2020/images/c93j7x2_0.jpg,0.5,1
/data0/zh/VM-UNet/data/isic17/IMD2020/images/c93k770_0.jpg,0.5,1
/data0/zh/VM-UNet/data/isic17/IMD2020/images/c93kbyf_0.jpg,0.5,1
/data0/zh/VM-UNet/data/isic17/IMD2020/images/c93l76u_0.jpg,0.5,1
/data0/zh/VM-UNet/data/isic17/IMD2020/images/c93ls41_0.jpg,0.5,1
/data0/zh/VM-UNet/data/isic17/IMD2020/images/c93me8y_0.png,0.5,1
/data0/zh/VM-UNet/data/isic17/IMD2020/images/c93mz9d_0.jpg,0.5,1
/data0/zh/VM-UNet/data/isic17/IMD2020/images/c93p653_0.jpg,0.5,1
/data0/zh/VM-UNet/data/isic17/IMD2020/images/c93yj46_0.jpg,0.5,1
/data0/zh/VM-UNet/data/isic17/IMD2020/images/c93yxq8_0.jpg,0.5,1
/data0/zh/VM-UNet/data/isic17/IMD2020/images/c93z6zn_0.jpg,0.5,1
/data0/zh/VM-UNet/data/isic17/IMD2020/images/c93zcf5_0.jpg,0.5,1
/data0/zh/VM-UNet/data/isic17/IMD2020/images/c93zetz_0.jpg,0.5,1
/data0/zh/VM-UNet/data/isic17/IMD2020/images/c940xti_0.jpg,0.5,1
/data0/zh/VM-UNet/data/isic17/IMD2020/images/c9418yh_0.jpg,0.5,1
/data0/zh/VM-UNet/data/isic17/IMD2020/images/c942gr7_0.jpg,0.5,1
/data0/zh/VM-UNet/data/isic17/IMD2020/images/c942wsd_0.jpg,0.5,1
/data0/zh/VM-UNet/data/isic17/IMD2020/images/c944h7f_0.png,0.5,1
/data0/zh/VM-UNet/data/isic17/IMD2020/images/c944m4x_0.jpg,0.5,1
/data0/zh/VM-UNet/data/isic17/IMD2020/images/c946fyh_0.jpg,0.5,1
/data0/zh/VM-UNet/data/isic17/IMD2020/images/c9471hz_0.jpg,0.5,1
/data0/zh/VM-UNet/data/isic17/IMD2020/images/c9479yq_0.jpg,0.5,1
/data0/zh/VM-UNet/data/isic17/IMD2020/images/c947jvq_0.png,0.5,1
/data0/zh/VM-UNet/data/isic17/IMD2020/images/c9482ja_0.jpg,0.5,1
/data0/zh/VM-UNet/data/isic17/IMD2020/images/c948ak3_0.png,0.5,1
/data0/zh/VM-UNet/data/isic17/IMD2020/images/c948hfr_0.jpg,0.5,1
/data0/zh/VM-UNet/data/isic17/IMD2020/images/c948lks_0.jpg,0.5,1
/data0/zh/VM-UNet/data/isic17/IMD2020/images/c948sr5_0.jpg,0.5,1
/data0/zh/VM-UNet/data/isic17/IMD2020/images/c949b58_0.jpg,0.5,1
/data0/zh/VM-UNet/data/isic17/IMD2020/images/c949n9f_0.jpg,0.5,1
/data0/zh/VM-UNet/data/isic17/IMD2020/images/c949vtj_0.png,0.5,1
/data0/zh/VM-UNet/data/isic17/IMD2020/images/c949wvr_0.jpg,0.5,1
/data0/zh/VM-UNet/data/isic17/IMD2020/images/c949yvb_0.jpg,0.5,1
/data0/zh/VM-UNet/data/isic17/IMD2020/images/c94a4qa_0.jpg,0.5,1
/data0/zh/VM-UNet/data/isic17/IMD2020/images/c94amkh_0.png,0.5,1
/data0/zh/VM-UNet/data/isic17/IMD2020/images/c94b087_0.jpg,0.5,1
/data0/zh/VM-UNet/data/isic17/IMD2020/images/c94bbxr_0.jpg,0.5,1
/data0/zh/VM-UNet/data/isic17/IMD2020/images/c94cmpk_0.jpg,0.5,1
/data0/zh/VM-UNet/data/isic17/IMD2020/images/c94cpfe_0.jpg,0.5,1
/data0/zh/VM-UNet/data/isic17/IMD2020/images/c94ctu2_0.jpg,0.5,1
/data0/zh/VM-UNet/data/isic17/IMD2020/images/c94ddtu_0.jpg,0.5,1
/data0/zh/VM-UNet/data/isic17/IMD2020/images/c94dlao_0.jpg,0.5,1
/data0/zh/VM-UNet/data/isic17/IMD2020/images/c94e0w4_0.jpg,0.5,1
/data0/zh/VM-UNet/data/isic17/IMD2020/images/c94ei0s_0.jpg,0.5,1
/data0/zh/VM-UNet/data/isic17/IMD2020/images/c94ejp7_0.jpg,0.5,1
/data0/zh/VM-UNet/data/isic17/IMD2020/images/c94epq9_0.jpg,0.5,1
/data0/zh/VM-UNet/data/isic17/IMD2020/images/c94f1jd_0.jpg,0.5,1
/data0/zh/VM-UNet/data/isic17/IMD2020/images/c94f69a_0.jpg,0.5,1
/data0/zh/VM-UNet/data/isic17/IMD2020/images/c94fett_0.jpg,0.5,1
/data0/zh/VM-UNet/data/isic17/IMD2020/images/c94frqx_0.jpg,0.5,1
/data0/zh/VM-UNet/data/isic17/IMD2020/images/c94fuqy_0.jpg,0.5,1
/data0/zh/VM-UNet/data/isic17/IMD2020/images/c94fusp_0.jpg,0.5,1
/data0/zh/VM-UNet/data/isic17/IMD2020/images/c94fzwl_0.jpg,0.5,1
/data0/zh/VM-UNet/data/isic17/IMD2020/images/c94gj9u_0.jpg,0.5,1
/data0/zh/VM-UNet/data/isic17/IMD2020/images/c94gwuu_0.jpg,0.5,1
/data0/zh/VM-UNet/data/isic17/IMD2020/images/c94gx14_0.jpg,0.5,1
/data0/zh/VM-UNet/data/isic17/IMD2020/images/c94h2qf_0.jpg,0.5,1
/data0/zh/VM-UNet/data/isic17/IMD2020/images/c94i3fa_0.png,0.5,1
/data0/zh/VM-UNet/data/isic17/IMD2020/images/c94ilwx_0.jpg,0.5,1
/data0/zh/VM-UNet/data/isic17/IMD2020/images/c94kqhs_0.jpg,0.5,1
/data0/zh/VM-UNet/data/isic17/IMD2020/images/c94l7xc_0.jpg,0.5,1
/data0/zh/VM-UNet/data/isic17/IMD2020/images/c94m47r_0.jpg,0.5,1
/data0/zh/VM-UNet/data/isic17/IMD2020/images/c94n3m0_0.jpg,0.5,1
/data0/zh/VM-UNet/data/isic17/IMD2020/images/c94nt6e_0.jpg,0.5,1
/data0/zh/VM-UNet/data/isic17/IMD2020/images/c94nvm9_0.jpg,0.5,1
/data0/zh/VM-UNet/data/isic17/IMD2020/images/c94o4hp_0.jpg,0.5,1
/data0/zh/VM-UNet/data/isic17/IMD2020/images/c94o5rb_0.jpg,0.5,1
/data0/zh/VM-UNet/data/isic17/IMD2020/images/c94o928_0.jpg,0.5,1
/data0/zh/VM-UNet/data/isic17/IMD2020/images/c94objl_0.jpg,0.5,1
/data0/zh/VM-UNet/data/isic17/IMD2020/images/c94obyg_0.jpg,0.5,1
/data0/zh/VM-UNet/data/isic17/IMD2020/images/c94odrd_0.jpg,0.5,1
/data0/zh/VM-UNet/data/isic17/IMD2020/images/c94og9i_0.jpg,0.5,1
/data0/zh/VM-UNet/data/isic17/IMD2020/images/c94ol6h_0.jpg,0.5,1
/data0/zh/VM-UNet/data/isic17/IMD2020/images/c94onxp_0.jpg,0.5,1
/data0/zh/VM-UNet/data/isic17/IMD2020/images/c94os8l_0.jpg,0.5,1
/data0/zh/VM-UNet/data/isic17/IMD2020/images/c94otp8_0.png,0.5,1
/data0/zh/VM-UNet/data/isic17/IMD2020/images/c94ouih_0.jpg,0.5,1
/data0/zh/VM-UNet/data/isic17/IMD2020/images/c94ov3d_0.png,0.5,1
/data0/zh/VM-UNet/data/isic17/IMD2020/images/c94ovkm_0.jpg,0.5,1
/data0/zh/VM-UNet/data/isic17/IMD2020/images/c94oxzj_0.jpg,0.5,1
/data0/zh/VM-UNet/data/isic17/IMD2020/images/c94oyfj_0.jpg,0.5,1
/data0/zh/VM-UNet/data/isic17/IMD2020/images/c94p9wa_0.jpg,0.5,1
/data0/zh/VM-UNet/data/isic17/IMD2020/images/c94pe6g_0.jpg,0.5,1
/data0/zh/VM-UNet/data/isic17/IMD2020/images/c94pnq5_0.jpg,0.5,1
/data0/zh/VM-UNet/data/isic17/IMD2020/images/c94psva_0.jpg,0.5,1
/data0/zh/VM-UNet/data/isic17/IMD2020/images/c94psxr_0.jpg,0.5,1
/data0/zh/VM-UNet/data/isic17/IMD2020/images/c94pvw7_0.jpg,0.5,1
/data0/zh/VM-UNet/data/isic17/IMD2020/images/c94pw6i_0.png,0.5,1
/data0/zh/VM-UNet/data/isic17/IMD2020/images/c94q3kl_0.jpg,0.5,1
/data0/zh/VM-UNet/data/isic17/IMD2020/images/c94q8ji_0.jpg,0.5,1
/data0/zh/VM-UNet/data/isic17/IMD2020/images/c94qgem_0.jpg,0.5,1
/data0/zh/VM-UNet/data/isic17/IMD2020/images/c94qh20_0.jpg,0.5,1
/data0/zh/VM-UNet/data/isic17/IMD2020/images/c94qp39_0.jpg,0.5,1
/data0/zh/VM-UNet/data/isic17/IMD2020/images/c94r82x_0.jpg,0.5,1
/data0/zh/VM-UNet/data/isic17/IMD2020/images/c94rqra_0.jpg,0.5,1
/data0/zh/VM-UNet/data/isic17/IMD2020/images/c94rx11_0.jpg,0.5,1
/data0/zh/VM-UNet/data/isic17/IMD2020/images/c94s183_0.jpg,0.5,1
/data0/zh/VM-UNet/data/isic17/IMD2020/images/c94s1ue_0.jpg,0.5,1
/data0/zh/VM-UNet/data/isic17/IMD2020/images/c94s6nu_0.jpg,0.5,1
/data0/zh/VM-UNet/data/isic17/IMD2020/images/c94scmh_0.jpg,0.5,1
/data0/zh/VM-UNet/data/isic17/IMD2020/images/c94soye_0.png,0.5,1
/data0/zh/VM-UNet/data/isic17/IMD2020/images/c94t7en_0.jpg,0.5,1
/data0/zh/VM-UNet/data/isic17/IMD2020/images/c94tbw3_0.jpg,0.5,1
/data0/zh/VM-UNet/data/isic17/IMD2020/images/c94ueeu_0.jpg,0.5,1
/data0/zh/VM-UNet/data/isic17/IMD2020/images/c94vd78_0.jpg,0.5,1
/data0/zh/VM-UNet/data/isic17/IMD2020/images/c94vln6_0.jpg,0.5,1
/data0/zh/VM-UNet/data/isic17/IMD2020/images/c94vpjk_0.jpg,0.5,1
/data0/zh/VM-UNet/data/isic17/IMD2020/images/c94waqq_0.jpg,0.5,1
/data0/zh/VM-UNet/data/isic17/IMD2020/images/c94xd3q_0.jpg,0.5,1
/data0/zh/VM-UNet/data/isic17/IMD2020/images/c94xgw2_0.jpg,0.5,1
/data0/zh/VM-UNet/data/isic17/IMD2020/images/c94ygpb_0.jpg,0.5,1
/data0/zh/VM-UNet/data/isic17/IMD2020/images/c94zspt_0.jpg,0.5,1
/data0/zh/VM-UNet/data/isic17/IMD2020/images/c951j7v_0.jpg,0.5,1
/data0/zh/VM-UNet/data/isic17/IMD2020/images/c952fpe_0.jpg,0.5,1
/data0/zh/VM-UNet/data/isic17/IMD2020/images/c952g1p_0.jpg,0.5,1
/data0/zh/VM-UNet/data/isic17/IMD2020/images/c952ngn_0.jpg,0.5,1
/data0/zh/VM-UNet/data/isic17/IMD2020/images/c956eb7_0.jpg,0.5,1
/data0/zh/VM-UNet/data/isic17/IMD2020/images/c956l7o_0.png,0.5,1
/data0/zh/VM-UNet/data/isic17/IMD2020/images/c956q0k_0.jpg,0.5,1
/data0/zh/VM-UNet/data/isic17/IMD2020/images/c956yew_0.jpg,0.5,1
/data0/zh/VM-UNet/data/isic17/IMD2020/images/c957j9n_0.jpg,0.5,1
/data0/zh/VM-UNet/data/isic17/IMD2020/images/c957juh_0.jpg,0.5,1
/data0/zh/VM-UNet/data/isic17/IMD2020/images/c957rl8_0.jpg,0.5,1
/data0/zh/VM-UNet/data/isic17/IMD2020/images/c957wt6_0.jpg,0.5,1
/data0/zh/VM-UNet/data/isic17/IMD2020/images/c957wve_0.jpg,0.5,1
/data0/zh/VM-UNet/data/isic17/IMD2020/images/c957x7p_0.jpg,0.5,1
/data0/zh/VM-UNet/data/isic17/IMD2020/images/c958b7f_0.jpg,0.5,1
/data0/zh/VM-UNet/data/isic17/IMD2020/images/c958erg_0.jpg,0.5,1
/data0/zh/VM-UNet/data/isic17/IMD2020/images/c958gik_0.jpg,0.5,1
/data0/zh/VM-UNet/data/isic17/IMD2020/images/c958j97_0.png,0.5,1
/data0/zh/VM-UNet/data/isic17/IMD2020/images/c9595sv_0.jpg,0.5,1
/data0/zh/VM-UNet/data/isic17/IMD2020/images/c959a6e_0.jpg,0.5,1
/data0/zh/VM-UNet/data/isic17/IMD2020/images/c95adiz_0.jpg,0.5,1
/data0/zh/VM-UNet/data/isic17/IMD2020/images/c95aqlb_0.jpg,0.5,1
/data0/zh/VM-UNet/data/isic17/IMD2020/images/c95biez_0.jpg,0.5,1
/data0/zh/VM-UNet/data/isic17/IMD2020/images/c95c3yu_0.png,0.5,1
/data0/zh/VM-UNet/data/isic17/IMD2020/images/c95flen_0.jpg,0.5,1
/data0/zh/VM-UNet/data/isic17/IMD2020/images/c95ftu6_0.png,0.5,1
/data0/zh/VM-UNet/data/isic17/IMD2020/images/c95fx63_0.png,0.5,1
/data0/zh/VM-UNet/data/isic17/IMD2020/images/c95gd9r_0.jpg,0.5,1
/data0/zh/VM-UNet/data/isic17/IMD2020/images/c95gjg9_0.jpg,0.5,1
/data0/zh/VM-UNet/data/isic17/IMD2020/images/c95gkhl_0.jpg,0.5,1
/data0/zh/VM-UNet/data/isic17/IMD2020/images/c95gz0y_0.jpg,0.5,1
/data0/zh/VM-UNet/data/isic17/IMD2020/images/c95h4kd_0.jpg,0.5,1
/data0/zh/VM-UNet/data/isic17/IMD2020/images/c95h6w7_0.jpg,0.5,1
/data0/zh/VM-UNet/data/isic17/IMD2020/images/c95ho7w_0.jpg,0.5,1
/data0/zh/VM-UNet/data/isic17/IMD2020/images/c95hsqp_0.jpg,0.5,1
/data0/zh/VM-UNet/data/isic17/IMD2020/images/c95hyjq_0.png,0.5,1
/data0/zh/VM-UNet/data/isic17/IMD2020/images/c95iajl_0.jpg,0.5,1
/data0/zh/VM-UNet/data/isic17/IMD2020/images/c95illf_0.jpg,0.5,1
/data0/zh/VM-UNet/data/isic17/IMD2020/images/c95j6gb_0.jpg,0.5,1
/data0/zh/VM-UNet/data/isic17/IMD2020/images/c95je2e_0.jpg,0.5,1
/data0/zh/VM-UNet/data/isic17/IMD2020/images/c95kdy8_0.jpg,0.5,1
/data0/zh/VM-UNet/data/isic17/IMD2020/images/c95kras_0.jpg,0.5,1
/data0/zh/VM-UNet/data/isic17/IMD2020/images/c95ku3b_0.jpg,0.5,1
/data0/zh/VM-UNet/data/isic17/IMD2020/images/c95l9tm_0.jpg,0.5,1
/data0/zh/VM-UNet/data/isic17/IMD2020/images/c95lr06_0.jpg,0.5,1
/data0/zh/VM-UNet/data/isic17/IMD2020/images/c95lzlj_0.jpg,0.5,1
/data0/zh/VM-UNet/data/isic17/IMD2020/images/c95m7eb_0.jpg,0.5,1
/data0/zh/VM-UNet/data/isic17/IMD2020/images/c95mkhb_0.jpg,0.5,1
/data0/zh/VM-UNet/data/isic17/IMD2020/images/c95mu70_0.jpg,0.5,1
/data0/zh/VM-UNet/data/isic17/IMD2020/images/c95nmhg_0.jpg,0.5,1
/data0/zh/VM-UNet/data/isic17/IMD2020/images/c95o67f_0.jpg,0.5,1
/data0/zh/VM-UNet/data/isic17/IMD2020/images/c95occz_0.jpg,0.5,1
/data0/zh/VM-UNet/data/isic17/IMD2020/images/c95qbrf_0.jpg,0.5,1
/data0/zh/VM-UNet/data/isic17/IMD2020/images/c95srb7_0.jpg,0.5,1
/data0/zh/VM-UNet/data/isic17/IMD2020/images/c95t0d9_0.jpg,0.5,1
/data0/zh/VM-UNet/data/isic17/IMD2020/images/c95ugiv_0.jpg,0.5,1
/data0/zh/VM-UNet/data/isic17/IMD2020/images/c95utnm_0.jpg,0.5,1
/data0/zh/VM-UNet/data/isic17/IMD2020/images/c95uufr_0.jpg,0.5,1
/data0/zh/VM-UNet/data/isic17/IMD2020/images/c95uyty_0.jpg,0.5,1
/data0/zh/VM-UNet/data/isic17/IMD2020/images/c95wc8c_0.jpg,0.5,1
/data0/zh/VM-UNet/data/isic17/IMD2020/images/c95wl0v_0.jpg,0.5,1
/data0/zh/VM-UNet/data/isic17/IMD2020/images/c95woiz_0.jpg,0.5,1
/data0/zh/VM-UNet/data/isic17/IMD2020/images/c95xmd0_0.jpg,0.5,1
/data0/zh/VM-UNet/data/isic17/IMD2020/images/c95y02z_0.jpg,0.5,1
/data0/zh/VM-UNet/data/isic17/IMD2020/images/c95z458_0.jpg,0.5,1
/data0/zh/VM-UNet/data/isic17/IMD2020/images/c966md3_0.jpg,0.5,1
/data0/zh/VM-UNet/data/isic17/IMD2020/images/c967vk6_0.jpg,0.5,1
/data0/zh/VM-UNet/data/isic17/IMD2020/images/c9684z1_0.jpg,0.5,1
/data0/zh/VM-UNet/data/isic17/IMD2020/images/c9689r9_0.png,0.5,1
/data0/zh/VM-UNet/data/isic17/IMD2020/images/c968kn0_0.jpg,0.5,1
/data0/zh/VM-UNet/data/isic17/IMD2020/images/c968obk_0.jpg,0.5,1
/data0/zh/VM-UNet/data/isic17/IMD2020/images/c968udn_0.jpg,0.5,1
/data0/zh/VM-UNet/data/isic17/IMD2020/images/c968x5d_0.jpg,0.5,1
/data0/zh/VM-UNet/data/isic17/IMD2020/images/c96bh08_0.jpg,0.5,1
/data0/zh/VM-UNet/data/isic17/IMD2020/images/c96blfp_0.jpg,0.5,1
/data0/zh/VM-UNet/data/isic17/IMD2020/images/c96c40d_0.png,0.5,1
/data0/zh/VM-UNet/data/isic17/IMD2020/images/c96c9hk_0.jpg,0.5,1
/data0/zh/VM-UNet/data/isic17/IMD2020/images/c96cbvq_0.jpg,0.5,1
/data0/zh/VM-UNet/data/isic17/IMD2020/images/c96cglv_0.jpg,0.5,1
/data0/zh/VM-UNet/data/isic17/IMD2020/images/c96cha8_0.png,0.5,1
/data0/zh/VM-UNet/data/isic17/IMD2020/images/c96chir_0.jpg,0.5,1
/data0/zh/VM-UNet/data/isic17/IMD2020/images/c96d4mq_0.jpg,0.5,1
/data0/zh/VM-UNet/data/isic17/IMD2020/images/c96d5la_0.jpg,0.5,1
/data0/zh/VM-UNet/data/isic17/IMD2020/images/c96dewj_0.jpg,0.5,1
/data0/zh/VM-UNet/data/isic17/IMD2020/images/c96dfr7_0.jpg,0.5,1
/data0/zh/VM-UNet/data/isic17/IMD2020/images/c96dm5n_0.jpg,0.5,1
/data0/zh/VM-UNet/data/isic17/IMD2020/images/c96ese6_0.jpg,0.5,1
/data0/zh/VM-UNet/data/isic17/IMD2020/images/c96euuf_0.jpg,0.5,1
/data0/zh/VM-UNet/data/isic17/IMD2020/images/c96jvav_0.jpg,0.5,1
/data0/zh/VM-UNet/data/isic17/IMD2020/images/c96qatb_0.jpg,0.5,1
/data0/zh/VM-UNet/data/isic17/IMD2020/images/c96z6j0_0.jpg,0.5,1
/data0/zh/VM-UNet/data/isic17/IMD2020/images/c96zee9_0.jpg,0.5,1
/data0/zh/VM-UNet/data/isic17/IMD2020/images/c96zxum_0.jpg,0.5,1
/data0/zh/VM-UNet/data/isic17/IMD2020/images/c9705ty_0.jpg,0.5,1
/data0/zh/VM-UNet/data/isic17/IMD2020/images/c970m97_0.jpg,0.5,1
/data0/zh/VM-UNet/data/isic17/IMD2020/images/c970mrg_0.jpg,0.5,1
/data0/zh/VM-UNet/data/isic17/IMD2020/images/c970ssc_0.jpg,0.5,1
/data0/zh/VM-UNet/data/isic17/IMD2020/images/c970wej_0.jpg,0.5,1
/data0/zh/VM-UNet/data/isic17/IMD2020/images/c970x7m_0.jpg,0.5,1
/data0/zh/VM-UNet/data/isic17/IMD2020/images/c9724qm_0.png,0.5,1
/data0/zh/VM-UNet/data/isic17/IMD2020/images/c9729qx_0.jpg,0.5,1
/data0/zh/VM-UNet/data/isic17/IMD2020/images/c972iqs_0.jpg,0.5,1
/data0/zh/VM-UNet/data/isic17/IMD2020/images/c972p3n_0.jpg,0.5,1
/data0/zh/VM-UNet/data/isic17/IMD2020/images/c972y81_0.jpg,0.5,1
/data0/zh/VM-UNet/data/isic17/IMD2020/images/c973pl2_0.png,0.5,1
/data0/zh/VM-UNet/data/isic17/IMD2020/images/c976lta_0.jpg,0.5,1
/data0/zh/VM-UNet/data/isic17/IMD2020/images/c978035_0.jpg,0.5,1
/data0/zh/VM-UNet/data/isic17/IMD2020/images/c978nfj_0.png,0.5,1
/data0/zh/VM-UNet/data/isic17/IMD2020/images/c979ed6_0.jpg,0.5,1
/data0/zh/VM-UNet/data/isic17/IMD2020/images/c979h5q_0.jpg,0.5,1
/data0/zh/VM-UNet/data/isic17/IMD2020/images/c979ib3_0.jpg,0.5,1
/data0/zh/VM-UNet/data/isic17/IMD2020/images/c979s43_0.jpg,0.5,1
/data0/zh/VM-UNet/data/isic17/IMD2020/images/c97ai36_0.png,0.5,1
/data0/zh/VM-UNet/data/isic17/IMD2020/images/c97ffgf_0.jpg,0.5,1
/data0/zh/VM-UNet/data/isic17/IMD2020/images/c97g287_0.jpg,0.5,1
/data0/zh/VM-UNet/data/isic17/IMD2020/images/c97gn0w_0.png,0.5,1
/data0/zh/VM-UNet/data/isic17/IMD2020/images/c97jfxe_0.png,0.5,1
/data0/zh/VM-UNet/data/isic17/IMD2020/images/c97knp0_0.jpg,0.5,1
/data0/zh/VM-UNet/data/isic17/IMD2020/images/c97l4h2_0.jpg,0.5,1
/data0/zh/VM-UNet/data/isic17/IMD2020/images/c97mvm4_0.jpg,0.5,1
/data0/zh/VM-UNet/data/isic17/IMD2020/images/c97n72x_0.jpg,0.5,1
/data0/zh/VM-UNet/data/isic17/IMD2020/images/c97nhib_0.png,0.5,1
/data0/zh/VM-UNet/data/isic17/IMD2020/images/c97npfo_0.jpg,0.5,1
/data0/zh/VM-UNet/data/isic17/IMD2020/images/c97nvx1_0.jpg,0.5,1
/data0/zh/VM-UNet/data/isic17/IMD2020/images/c97ofea_0.jpg,0.5,1
/data0/zh/VM-UNet/data/isic17/IMD2020/images/c97ot02_0.jpg,0.5,1
/data0/zh/VM-UNet/data/isic17/IMD2020/images/c97p12w_0.jpg,0.5,1
/data0/zh/VM-UNet/data/isic17/IMD2020/images/c97p9cf_0.jpg,0.5,1
/data0/zh/VM-UNet/data/isic17/IMD2020/images/c97pbie_0.jpg,0.5,1
/data0/zh/VM-UNet/data/isic17/IMD2020/images/c97pme4_0.jpg,0.5,1
/data0/zh/VM-UNet/data/isic17/IMD2020/images/c97qfid_0.jpg,0.5,1
/data0/zh/VM-UNet/data/isic17/IMD2020/images/c97qk9d_0.png,0.5,1
/data0/zh/VM-UNet/data/isic17/IMD2020/images/c97qqbo_0.jpg,0.5,1
/data0/zh/VM-UNet/data/isic17/IMD2020/images/c97qv4m_0.jpg,0.5,1
/data0/zh/VM-UNet/data/isic17/IMD2020/images/c97qyg0_0.jpg,0.5,1
/data0/zh/VM-UNet/data/isic17/IMD2020/images/c97rh7u_0.jpg,0.5,1
/data0/zh/VM-UNet/data/isic17/IMD2020/images/c97rkx9_0.png,0.5,1
/data0/zh/VM-UNet/data/isic17/IMD2020/images/c97shkd_0.jpg,0.5,1
/data0/zh/VM-UNet/data/isic17/IMD2020/images/c97sv42_0.png,0.5,1
/data0/zh/VM-UNet/data/isic17/IMD2020/images/c97te6m_0.jpg,0.5,1
/data0/zh/VM-UNet/data/isic17/IMD2020/images/c97u2q9_0.jpg,0.5,1
/data0/zh/VM-UNet/data/isic17/IMD2020/images/c97ub08_0.jpg,0.5,1
/data0/zh/VM-UNet/data/isic17/IMD2020/images/c97up6j_0.jpg,0.5,1
/data0/zh/VM-UNet/data/isic17/IMD2020/images/c97v6ia_0.jpg,0.5,1
/data0/zh/VM-UNet/data/isic17/IMD2020/images/c97vf7q_0.jpg,0.5,1
/data0/zh/VM-UNet/data/isic17/IMD2020/images/c97vlit_0.jpg,0.5,1
/data0/zh/VM-UNet/data/isic17/IMD2020/images/c97xpjh_0.png,0.5,1
/data0/zh/VM-UNet/data/isic17/IMD2020/images/c97zamq_0.jpg,0.5,1
/data0/zh/VM-UNet/data/isic17/IMD2020/images/c980b28_0.png,0.5,1
/data0/zh/VM-UNet/data/isic17/IMD2020/images/c980uto_0.jpg,0.5,1
/data0/zh/VM-UNet/data/isic17/IMD2020/images/c9813uk_0.jpg,0.5,1
/data0/zh/VM-UNet/data/isic17/IMD2020/images/c9825wp_0.jpg,0.5,1
/data0/zh/VM-UNet/data/isic17/IMD2020/images/c9829t7_0.png,0.5,1
/data0/zh/VM-UNet/data/isic17/IMD2020/images/c985sf9_0.jpg,0.5,1
/data0/zh/VM-UNet/data/isic17/IMD2020/images/c98625n_0.jpg,0.5,1
/data0/zh/VM-UNet/data/isic17/IMD2020/images/c986lv8_0.jpg,0.5,1
/data0/zh/VM-UNet/data/isic17/IMD2020/images/c986who_0.jpg,0.5,1
/data0/zh/VM-UNet/data/isic17/IMD2020/images/c9876y4_0.jpg,0.5,1
/data0/zh/VM-UNet/data/isic17/IMD2020/images/c987c52_0.jpg,0.5,1
/data0/zh/VM-UNet/data/isic17/IMD2020/images/c987rum_0.jpg,0.5,1
/data0/zh/VM-UNet/data/isic17/IMD2020/images/c98a70p_0.jpg,0.5,1
/data0/zh/VM-UNet/data/isic17/IMD2020/images/c98aivj_0.jpg,0.5,1
/data0/zh/VM-UNet/data/isic17/IMD2020/images/c98el2l_0.jpg,0.5,1
/data0/zh/VM-UNet/data/isic17/IMD2020/images/c98iwaf_0.jpg,0.5,1
/data0/zh/VM-UNet/data/isic17/IMD2020/images/c98jkof_0.jpg,0.5,1
/data0/zh/VM-UNet/data/isic17/IMD2020/images/c98jpyg_0.jpg,0.5,1
/data0/zh/VM-UNet/data/isic17/IMD2020/images/c98jqgu_0.jpg,0.5,1
/data0/zh/VM-UNet/data/isic17/IMD2020/images/c98jxiu_0.jpg,0.5,1
/data0/zh/VM-UNet/data/isic17/IMD2020/images/c98koeq_0.jpg,0.5,1
/data0/zh/VM-UNet/data/isic17/IMD2020/images/c98lw0x_0.jpg,0.5,1
/data0/zh/VM-UNet/data/isic17/IMD2020/images/c98mgs3_0.jpg,0.5,1
/data0/zh/VM-UNet/data/isic17/IMD2020/images/c98mhwt_0.jpg,0.5,1
/data0/zh/VM-UNet/data/isic17/IMD2020/images/c98ojjv_0.jpg,0.5,1
/data0/zh/VM-UNet/data/isic17/IMD2020/images/c98ovsv_0.jpg,0.5,1
/data0/zh/VM-UNet/data/isic17/IMD2020/images/c98ow2q_0.jpg,0.5,1
/data0/zh/VM-UNet/data/isic17/IMD2020/images/c98qf1y_0.jpg,0.5,1
/data0/zh/VM-UNet/data/isic17/IMD2020/images/c98qgm4_0.jpg,0.5,1
/data0/zh/VM-UNet/data/isic17/IMD2020/images/c98rtgo_0.png,0.5,1
/data0/zh/VM-UNet/data/isic17/IMD2020/images/c98s4at_0.jpg,0.5,1
/data0/zh/VM-UNet/data/isic17/IMD2020/images/c98s7f2_0.jpg,0.5,1
/data0/zh/VM-UNet/data/isic17/IMD2020/images/c98scja_0.jpg,0.5,1
/data0/zh/VM-UNet/data/isic17/IMD2020/images/c98sd8w_0.jpg,0.5,1
/data0/zh/VM-UNet/data/isic17/IMD2020/images/c98trtt_0.jpg,0.5,1
/data0/zh/VM-UNet/data/isic17/IMD2020/images/c98urai_0.png,0.5,1
/data0/zh/VM-UNet/data/isic17/IMD2020/images/c98uwak_0.png,0.5,1
/data0/zh/VM-UNet/data/isic17/IMD2020/images/c98wx7s_0.jpg,0.5,1
/data0/zh/VM-UNet/data/isic17/IMD2020/images/c98x46e_0.jpg,0.5,1
/data0/zh/VM-UNet/data/isic17/IMD2020/images/c990uno_0.jpg,0.5,1
/data0/zh/VM-UNet/data/isic17/IMD2020/images/c990v3g_0.jpg,0.5,1
/data0/zh/VM-UNet/data/isic17/IMD2020/images/c991rvp_0.jpg,0.5,1
/data0/zh/VM-UNet/data/isic17/IMD2020/images/c992737_0.jpg,0.5,1
/data0/zh/VM-UNet/data/isic17/IMD2020/images/c9929g3_0.jpg,0.5,1
/data0/zh/VM-UNet/data/isic17/IMD2020/images/c992d5i_0.jpg,0.5,1
/data0/zh/VM-UNet/data/isic17/IMD2020/images/c992enl_0.jpg,0.5,1
/data0/zh/VM-UNet/data/isic17/IMD2020/images/c992u19_0.jpg,0.5,1
/data0/zh/VM-UNet/data/isic17/IMD2020/images/c99303g_0.jpg,0.5,1
/data0/zh/VM-UNet/data/isic17/IMD2020/images/c993h77_0.jpg,0.5,1
/data0/zh/VM-UNet/data/isic17/IMD2020/images/c993kz0_0.jpg,0.5,1
/data0/zh/VM-UNet/data/isic17/IMD2020/images/c993qje_0.jpg,0.5,1
/data0/zh/VM-UNet/data/isic17/IMD2020/images/c993ui8_0.jpg,0.5,1
/data0/zh/VM-UNet/data/isic17/IMD2020/images/c993w8d_0.jpg,0.5,1
/data0/zh/VM-UNet/data/isic17/IMD2020/images/c9948kv_0.jpg,0.5,1
/data0/zh/VM-UNet/data/isic17/IMD2020/images/c9948nw_0.jpg,0.5,1
/data0/zh/VM-UNet/data/isic17/IMD2020/images/c994ew8_0.jpg,0.5,1
/data0/zh/VM-UNet/data/isic17/IMD2020/images/c994oht_0.jpg,0.5,1
/data0/zh/VM-UNet/data/isic17/IMD2020/images/c99548p_0.png,0.5,1
/data0/zh/VM-UNet/data/isic17/IMD2020/images/c995efy_0.jpg,0.5,1
/data0/zh/VM-UNet/data/isic17/IMD2020/images/c995ny6_0.jpg,0.5,1
/data0/zh/VM-UNet/data/isic17/IMD2020/images/c995td6_0.jpg,0.5,1
/data0/zh/VM-UNet/data/isic17/IMD2020/images/c9969lr_0.jpg,0.5,1
/data0/zh/VM-UNet/data/isic17/IMD2020/images/c9969p0_0.jpg,0.5,1
/data0/zh/VM-UNet/data/isic17/IMD2020/images/c996msq_0.jpg,0.5,1
/data0/zh/VM-UNet/data/isic17/IMD2020/images/c9977lj_0.jpg,0.5,1
/data0/zh/VM-UNet/data/isic17/IMD2020/images/c9981l7_0.jpg,0.5,1
/data0/zh/VM-UNet/data/isic17/IMD2020/images/c998fw2_0.jpg,0.5,1
/data0/zh/VM-UNet/data/isic17/IMD2020/images/c998ytl_0.jpg,0.5,1
/data0/zh/VM-UNet/data/isic17/IMD2020/images/c9996ea_0.jpg,0.5,1
/data0/zh/VM-UNet/data/isic17/IMD2020/images/c99ae5w_0.jpg,0.5,1
/data0/zh/VM-UNet/data/isic17/IMD2020/images/c99b3oc_0.jpg,0.5,1
/data0/zh/VM-UNet/data/isic17/IMD2020/images/c99bj65_0.jpg,0.5,1
/data0/zh/VM-UNet/data/isic17/IMD2020/images/c99bz7g_0.png,0.5,1
/data0/zh/VM-UNet/data/isic17/IMD2020/images/c99d1yy_0.jpg,0.5,1
/data0/zh/VM-UNet/data/isic17/IMD2020/images/c99fjx6_0.jpg,0.5,1
/data0/zh/VM-UNet/data/isic17/IMD2020/images/c99g3y1_0.jpg,0.5,1
/data0/zh/VM-UNet/data/isic17/IMD2020/images/c99g8d8_0.jpg,0.5,1
/data0/zh/VM-UNet/data/isic17/IMD2020/images/c99gb54_0.jpg,0.5,1
/data0/zh/VM-UNet/data/isic17/IMD2020/images/c99gesu_0.jpg,0.5,1
/data0/zh/VM-UNet/data/isic17/IMD2020/images/c99grkg_0.jpg,0.5,1
/data0/zh/VM-UNet/data/isic17/IMD2020/images/c99hbe0_0.jpg,0.5,1
/data0/zh/VM-UNet/data/isic17/IMD2020/images/c99hkdk_0.jpg,0.5,1
/data0/zh/VM-UNet/data/isic17/IMD2020/images/c99hksz_0.jpg,0.5,1
/data0/zh/VM-UNet/data/isic17/IMD2020/images/c99i7gc_0.jpg,0.5,1
/data0/zh/VM-UNet/data/isic17/IMD2020/images/c99ilht_0.jpg,0.5,1
/data0/zh/VM-UNet/data/isic17/IMD2020/images/c99ixjq_0.jpg,0.5,1
/data0/zh/VM-UNet/data/isic17/IMD2020/images/c99k5bh_0.jpg,0.5,1
/data0/zh/VM-UNet/data/isic17/IMD2020/images/c99lb7m_0.jpg,0.5,1
/data0/zh/VM-UNet/data/isic17/IMD2020/images/c99lcrp_0.jpg,0.5,1
/data0/zh/VM-UNet/data/isic17/IMD2020/images/c99ll0f_0.png,0.5,1
/data0/zh/VM-UNet/data/isic17/IMD2020/images/c99lrlg_0.jpg,0.5,1
/data0/zh/VM-UNet/data/isic17/IMD2020/images/c99meyn_0.jpg,0.5,1
/data0/zh/VM-UNet/data/isic17/IMD2020/images/c99mhvd_0.jpg,0.5,1
/data0/zh/VM-UNet/data/isic17/IMD2020/images/c99ml73_0.jpg,0.5,1
/data0/zh/VM-UNet/data/isic17/IMD2020/images/c99msoi_0.jpg,0.5,1
/data0/zh/VM-UNet/data/isic17/IMD2020/images/c99par4_0.png,0.5,1
/data0/zh/VM-UNet/data/isic17/IMD2020/images/c99pq37_0.jpg,0.5,1
/data0/zh/VM-UNet/data/isic17/IMD2020/images/c99s1ad_0.jpg,0.5,1
/data0/zh/VM-UNet/data/isic17/IMD2020/images/c99twh4_0.jpg,0.5,1
/data0/zh/VM-UNet/data/isic17/IMD2020/images/c99utti_0.jpg,0.5,1
/data0/zh/VM-UNet/data/isic17/IMD2020/images/c99v20p_0.jpg,0.5,1
/data0/zh/VM-UNet/data/isic17/IMD2020/images/c99wbld_0.jpg,0.5,1
/data0/zh/VM-UNet/data/isic17/IMD2020/images/c99wogs_0.jpg,0.5,1
/data0/zh/VM-UNet/data/isic17/IMD2020/images/c99wyrv_0.jpg,0.5,1
/data0/zh/VM-UNet/data/isic17/IMD2020/images/c99x7l6_0.jpg,0.5,1
/data0/zh/VM-UNet/data/isic17/IMD2020/images/c99xlov_0.jpg,0.5,1
/data0/zh/VM-UNet/data/isic17/IMD2020/images/c99zfgf_0.jpg,0.5,1
/data0/zh/VM-UNet/data/isic17/IMD2020/images/c99zuvu_0.jpg,0.5,1
/data0/zh/VM-UNet/data/isic17/IMD2020/images/c9a00lf_0.jpg,0.5,1
/data0/zh/VM-UNet/data/isic17/IMD2020/images/c9a06ao_0.jpg,0.5,1
/data0/zh/VM-UNet/data/isic17/IMD2020/images/c9a0d39_0.jpg,0.5,1
/data0/zh/VM-UNet/data/isic17/IMD2020/images/c9a0df4_0.jpg,0.5,1
/data0/zh/VM-UNet/data/isic17/IMD2020/images/c9a0ogm_0.jpg,0.5,1
/data0/zh/VM-UNet/data/isic17/IMD2020/images/c9a0u7u_0.jpg,0.5,1
/data0/zh/VM-UNet/data/isic17/IMD2020/images/c9a0vxj_0.jpg,0.5,1
/data0/zh/VM-UNet/data/isic17/IMD2020/images/c9a0wf8_0.jpg,0.5,1
/data0/zh/VM-UNet/data/isic17/IMD2020/images/c9a13b5_0.jpg,0.5,1
/data0/zh/VM-UNet/data/isic17/IMD2020/images/c9a16se_0.png,0.5,1
/data0/zh/VM-UNet/data/isic17/IMD2020/images/c9a2q02_0.jpg,0.5,1
/data0/zh/VM-UNet/data/isic17/IMD2020/images/c9a3qjw_0.jpg,0.5,1
/data0/zh/VM-UNet/data/isic17/IMD2020/images/c9a43jm_0.jpg,0.5,1
/data0/zh/VM-UNet/data/isic17/IMD2020/images/c9a5zop_0.jpg,0.5,1
/data0/zh/VM-UNet/data/isic17/IMD2020/images/c9a6u1u_0.png,0.5,1
/data0/zh/VM-UNet/data/isic17/IMD2020/images/c9aamu4_0.jpg,0.5,1
/data0/zh/VM-UNet/data/isic17/IMD2020/images/c9aati3_0.jpg,0.5,1
/data0/zh/VM-UNet/data/isic17/IMD2020/images/c9abglu_0.jpg,0.5,1
/data0/zh/VM-UNet/data/isic17/IMD2020/images/c9abrtp_0.jpg,0.5,1
/data0/zh/VM-UNet/data/isic17/IMD2020/images/c9abx9g_0.jpg,0.5,1
/data0/zh/VM-UNet/data/isic17/IMD2020/images/c9acbml_0.jpg,0.5,1
/data0/zh/VM-UNet/data/isic17/IMD2020/images/c9aen56_0.jpg,0.5,1
/data0/zh/VM-UNet/data/isic17/IMD2020/images/c9aeqqk_0.jpg,0.5,1
/data0/zh/VM-UNet/data/isic17/IMD2020/images/c9af975_0.jpg,0.5,1
/data0/zh/VM-UNet/data/isic17/IMD2020/images/c9afm8r_0.jpg,0.5,1
/data0/zh/VM-UNet/data/isic17/IMD2020/images/c9ag2ll_0.jpg,0.5,1
/data0/zh/VM-UNet/data/isic17/IMD2020/images/c9agnet_0.jpg,0.5,1
/data0/zh/VM-UNet/data/isic17/IMD2020/images/c9aj3nm_0.jpg,0.5,1
/data0/zh/VM-UNet/data/isic17/IMD2020/images/c9ajz8e_0.jpg,0.5,1
/data0/zh/VM-UNet/data/isic17/IMD2020/images/c9alf9o_0.jpg,0.5,1
/data0/zh/VM-UNet/data/isic17/IMD2020/images/c9alw3v_0.png,0.5,1
/data0/zh/VM-UNet/data/isic17/IMD2020/images/c9amlei_0.jpg,0.5,1
/data0/zh/VM-UNet/data/isic17/IMD2020/images/c9an6i7_0.png,0.5,1
/data0/zh/VM-UNet/data/isic17/IMD2020/images/c9anb73_0.jpg,0.5,1
/data0/zh/VM-UNet/data/isic17/IMD2020/images/c9ane75_0.jpg,0.5,1
/data0/zh/VM-UNet/data/isic17/IMD2020/images/c9anple_0.jpg,0.5,1
/data0/zh/VM-UNet/data/isic17/IMD2020/images/c9aq17o_0.jpg,0.5,1
/data0/zh/VM-UNet/data/isic17/IMD2020/images/c9arquy_0.jpg,0.5,1
/data0/zh/VM-UNet/data/isic17/IMD2020/images/c9atngk_0.jpg,0.5,1
/data0/zh/VM-UNet/data/isic17/IMD2020/images/c9atqpq_0.jpg,0.5,1
/data0/zh/VM-UNet/data/isic17/IMD2020/images/c9au1qa_0.jpg,0.5,1
/data0/zh/VM-UNet/data/isic17/IMD2020/images/c9ax2ln_0.jpg,0.5,1
/data0/zh/VM-UNet/data/isic17/IMD2020/images/c9axg8n_0.jpg,0.5,1
/data0/zh/VM-UNet/data/isic17/IMD2020/images/c9axqrl_0.jpg,0.5,1
/data0/zh/VM-UNet/data/isic17/IMD2020/images/c9ay9o7_0.jpg,0.5,1
/data0/zh/VM-UNet/data/isic17/IMD2020/images/c9ayosx_0.jpg,0.5,1
/data0/zh/VM-UNet/data/isic17/IMD2020/images/c9ayp33_0.jpg,0.5,1
/data0/zh/VM-UNet/data/isic17/IMD2020/images/c9aysiu_0.jpg,0.5,1
/data0/zh/VM-UNet/data/isic17/IMD2020/images/c9az9ha_0.jpg,0.5,1
/data0/zh/VM-UNet/data/isic17/IMD2020/images/c9azgqp_0.jpg,0.5,1
/data0/zh/VM-UNet/data/isic17/IMD2020/images/c9b0gy6_0.jpg,0.5,1
/data0/zh/VM-UNet/data/isic17/IMD2020/images/c9b0jbt_0.jpg,0.5,1
/data0/zh/VM-UNet/data/isic17/IMD2020/images/c9b0mve_0.jpg,0.5,1
/data0/zh/VM-UNet/data/isic17/IMD2020/images/c9b0xit_0.jpg,0.5,1
/data0/zh/VM-UNet/data/isic17/IMD2020/images/c9b0yv0_0.jpg,0.5,1
/data0/zh/VM-UNet/data/isic17/IMD2020/images/c9b10e8_0.jpg,0.5,1
/data0/zh/VM-UNet/data/isic17/IMD2020/images/c9b11xy_0.jpg,0.5,1
/data0/zh/VM-UNet/data/isic17/IMD2020/images/c9b2vt4_0.jpg,0.5,1
/data0/zh/VM-UNet/data/isic17/IMD2020/images/c9b3g8m_0.jpg,0.5,1
/data0/zh/VM-UNet/data/isic17/IMD2020/images/c9b6d4b_0.jpg,0.5,1
/data0/zh/VM-UNet/data/isic17/IMD2020/images/c9b6ddb_0.jpg,0.5,1
/data0/zh/VM-UNet/data/isic17/IMD2020/images/c9befb1_0.jpg,0.5,1
/data0/zh/VM-UNet/data/isic17/IMD2020/images/c9bhen2_0.jpg,0.5,1
/data0/zh/VM-UNet/data/isic17/IMD2020/images/c9biybz_0.jpg,0.5,1
/data0/zh/VM-UNet/data/isic17/IMD2020/images/c9bk4ex_0.jpg,0.5,1
/data0/zh/VM-UNet/data/isic17/IMD2020/images/c9bk4fn_0.jpg,0.5,1
/data0/zh/VM-UNet/data/isic17/IMD2020/images/c9bkfb3_0.jpg,0.5,1
/data0/zh/VM-UNet/data/isic17/IMD2020/images/c9bl9ay_0.jpg,0.5,1
/data0/zh/VM-UNet/data/isic17/IMD2020/images/c9bld2v_0.jpg,0.5,1
/data0/zh/VM-UNet/data/isic17/IMD2020/images/c9bldbp_0.png,0.5,1
/data0/zh/VM-UNet/data/isic17/IMD2020/images/c9bldch_0.jpg,0.5,1
/data0/zh/VM-UNet/data/isic17/IMD2020/images/c9blqqz_0.jpg,0.5,1
/data0/zh/VM-UNet/data/isic17/IMD2020/images/c9bly1t_0.jpg,0.5,1
/data0/zh/VM-UNet/data/isic17/IMD2020/images/c9bm4rt_0.jpg,0.5,1
/data0/zh/VM-UNet/data/isic17/IMD2020/images/c9bmply_0.jpg,0.5,1
/data0/zh/VM-UNet/data/isic17/IMD2020/images/c9bmw1x_0.jpg,0.5,1
/data0/zh/VM-UNet/data/isic17/IMD2020/images/c9bmy3r_0.jpg,0.5,1
/data0/zh/VM-UNet/data/isic17/IMD2020/images/c9bn0uy_0.jpg,0.5,1
/data0/zh/VM-UNet/data/isic17/IMD2020/images/c9bn5v6_0.jpg,0.5,1
/data0/zh/VM-UNet/data/isic17/IMD2020/images/c9bn6ip_0.jpg,0.5,1
/data0/zh/VM-UNet/data/isic17/IMD2020/images/c9bncio_0.jpg,0.5,1
/data0/zh/VM-UNet/data/isic17/IMD2020/images/c9bns5o_0.jpg,0.5,1
/data0/zh/VM-UNet/data/isic17/IMD2020/images/c9booko_0.jpg,0.5,1
/data0/zh/VM-UNet/data/isic17/IMD2020/images/c9bp70d_0.jpg,0.5,1
/data0/zh/VM-UNet/data/isic17/IMD2020/images/c9bq4ri_0.jpg,0.5,1
/data0/zh/VM-UNet/data/isic17/IMD2020/images/c9bqr3l_0.jpg,0.5,1
/data0/zh/VM-UNet/data/isic17/IMD2020/images/c9br8f7_0.jpg,0.5,1
/data0/zh/VM-UNet/data/isic17/IMD2020/images/c9brtmx_0.jpg,0.5,1
/data0/zh/VM-UNet/data/isic17/IMD2020/images/c9bse2z_0.jpg,0.5,1
/data0/zh/VM-UNet/data/isic17/IMD2020/images/c9bt9ta_0.jpg,0.5,1
/data0/zh/VM-UNet/data/isic17/IMD2020/images/c9bttk4_0.jpg,0.5,1
/data0/zh/VM-UNet/data/isic17/IMD2020/images/c9bugf8_0.jpg,0.5,1
/data0/zh/VM-UNet/data/isic17/IMD2020/images/c9bzbcq_0.jpg,0.5,1
/data0/zh/VM-UNet/data/isic17/IMD2020/images/c9c4juu_0.jpg,0.5,1
/data0/zh/VM-UNet/data/isic17/IMD2020/images/c9c75hs_0.jpg,0.5,1
/data0/zh/VM-UNet/data/isic17/IMD2020/images/c9c9t84_0.jpg,0.5,1
/data0/zh/VM-UNet/data/isic17/IMD2020/images/c9ca1of_0.jpg,0.5,1
/data0/zh/VM-UNet/data/isic17/IMD2020/images/c9cate8_0.jpg,0.5,1
/data0/zh/VM-UNet/data/isic17/IMD2020/images/c9ccedw_0.jpg,0.5,1
/data0/zh/VM-UNet/data/isic17/IMD2020/images/c9cd7xe_0.jpg,0.5,1
/data0/zh/VM-UNet/data/isic17/IMD2020/images/c9cefz7_0.jpg,0.5,1
/data0/zh/VM-UNet/data/isic17/IMD2020/images/c9ceg0w_0.jpg,0.5,1
/data0/zh/VM-UNet/data/isic17/IMD2020/images/c9ceq9q_0.jpg,0.5,1
/data0/zh/VM-UNet/data/isic17/IMD2020/images/c9ceql8_0.jpg,0.5,1
/data0/zh/VM-UNet/data/isic17/IMD2020/images/c9cetkp_0.png,0.5,1
/data0/zh/VM-UNet/data/isic17/IMD2020/images/c9cfhhv_0.jpg,0.5,1
/data0/zh/VM-UNet/data/isic17/IMD2020/images/c9cgjfv_0.jpg,0.5,1
/data0/zh/VM-UNet/data/isic17/IMD2020/images/c9cgnm5_0.jpg,0.5,1
/data0/zh/VM-UNet/data/isic17/IMD2020/images/c9cgxt5_0.jpg,0.5,1
/data0/zh/VM-UNet/data/isic17/IMD2020/images/c9chbnh_0.jpg,0.5,1
/data0/zh/VM-UNet/data/isic17/IMD2020/images/c9chqo0_0.jpg,0.5,1
/data0/zh/VM-UNet/data/isic17/IMD2020/images/c9chzty_0.jpg,0.5,1
/data0/zh/VM-UNet/data/isic17/IMD2020/images/c9chzux_0.jpg,0.5,1
/data0/zh/VM-UNet/data/isic17/IMD2020/images/c9cilly_0.jpg,0.5,1
/data0/zh/VM-UNet/data/isic17/IMD2020/images/c9cj5xa_0.jpg,0.5,1
/data0/zh/VM-UNet/data/isic17/IMD2020/images/c9ck0j3_0.jpg,0.5,1
/data0/zh/VM-UNet/data/isic17/IMD2020/images/c9cklgd_0.jpg,0.5,1
/data0/zh/VM-UNet/data/isic17/IMD2020/images/c9ckx05_0.jpg,0.5,1
/data0/zh/VM-UNet/data/isic17/IMD2020/images/c9clhtf_0.jpg,0.5,1
/data0/zh/VM-UNet/data/isic17/IMD2020/images/c9clks3_0.jpg,0.5,1
/data0/zh/VM-UNet/data/isic17/IMD2020/images/c9clmau_0.png,0.5,1
/data0/zh/VM-UNet/data/isic17/IMD2020/images/c9clq8i_0.png,0.5,1
/data0/zh/VM-UNet/data/isic17/IMD2020/images/c9clzrj_0.jpg,0.5,1
/data0/zh/VM-UNet/data/isic17/IMD2020/images/c9cm5nk_0.jpg,0.5,1
/data0/zh/VM-UNet/data/isic17/IMD2020/images/c9cm824_0.png,0.5,1
/data0/zh/VM-UNet/data/isic17/IMD2020/images/c9cmdfe_0.jpg,0.5,1
/data0/zh/VM-UNet/data/isic17/IMD2020/images/c9cml58_0.jpg,0.5,1
/data0/zh/VM-UNet/data/isic17/IMD2020/images/c9cmtkc_0.jpg,0.5,1
/data0/zh/VM-UNet/data/isic17/IMD2020/images/c9cnjtp_0.png,0.5,1
/data0/zh/VM-UNet/data/isic17/IMD2020/images/c9cnkd2_0.jpg,0.5,1
/data0/zh/VM-UNet/data/isic17/IMD2020/images/c9cnkxl_0.jpg,0.5,1
/data0/zh/VM-UNet/data/isic17/IMD2020/images/c9cnst8_0.jpg,0.5,1
/data0/zh/VM-UNet/data/isic17/IMD2020/images/c9cnv8n_0.jpg,0.5,1
/data0/zh/VM-UNet/data/isic17/IMD2020/images/c9cnzf8_0.jpg,0.5,1
/data0/zh/VM-UNet/data/isic17/IMD2020/images/c9co6ln_0.jpg,0.5,1
/data0/zh/VM-UNet/data/isic17/IMD2020/images/c9cocnw_0.jpg,0.5,1
/data0/zh/VM-UNet/data/isic17/IMD2020/images/c9codtz_0.png,0.5,1
/data0/zh/VM-UNet/data/isic17/IMD2020/images/c9cofak_0.jpg,0.5,1
/data0/zh/VM-UNet/data/isic17/IMD2020/images/c9cojnz_0.jpg,0.5,1
/data0/zh/VM-UNet/data/isic17/IMD2020/images/c9coljf_0.jpg,0.5,1
/data0/zh/VM-UNet/data/isic17/IMD2020/images/c9colrh_0.jpg,0.5,1
/data0/zh/VM-UNet/data/isic17/IMD2020/images/c9con3s_0.jpg,0.5,1
/data0/zh/VM-UNet/data/isic17/IMD2020/images/c9coy2n_0.jpg,0.5,1
/data0/zh/VM-UNet/data/isic17/IMD2020/images/c9coynw_0.png,0.5,1
/data0/zh/VM-UNet/data/isic17/IMD2020/images/c9cpev3_0.jpg,0.5,1
/data0/zh/VM-UNet/data/isic17/IMD2020/images/c9cpohz_0.jpg,0.5,1
/data0/zh/VM-UNet/data/isic17/IMD2020/images/c9cptn0_0.jpg,0.5,1
/data0/zh/VM-UNet/data/isic17/IMD2020/images/c9cqfso_0.jpg,0.5,1
/data0/zh/VM-UNet/data/isic17/IMD2020/images/c9cqodp_0.jpg,0.5,1
/data0/zh/VM-UNet/data/isic17/IMD2020/images/c9cqpt2_0.jpg,0.5,1
/data0/zh/VM-UNet/data/isic17/IMD2020/images/c9cqrf4_0.jpg,0.5,1
/data0/zh/VM-UNet/data/isic17/IMD2020/images/c9crgzl_0.png,0.5,1
/data0/zh/VM-UNet/data/isic17/IMD2020/images/c9crh2a_0.jpg,0.5,1
/data0/zh/VM-UNet/data/isic17/IMD2020/images/c9cser1_0.jpg,0.5,1
/data0/zh/VM-UNet/data/isic17/IMD2020/images/c9ct2jr_0.jpg,0.5,1
/data0/zh/VM-UNet/data/isic17/IMD2020/images/c9cu6ad_0.jpg,0.5,1
/data0/zh/VM-UNet/data/isic17/IMD2020/images/c9cu722_0.jpg,0.5,1
/data0/zh/VM-UNet/data/isic17/IMD2020/images/c9cucm2_0.jpg,0.5,1
/data0/zh/VM-UNet/data/isic17/IMD2020/images/c9cufxm_0.jpg,0.5,1
/data0/zh/VM-UNet/data/isic17/IMD2020/images/c9cyjm5_0.jpg,0.5,1
/data0/zh/VM-UNet/data/isic17/IMD2020/images/c9cysih_0.jpg,0.5,1
/data0/zh/VM-UNet/data/isic17/IMD2020/images/c9czi34_0.jpg,0.5,1
/data0/zh/VM-UNet/data/isic17/IMD2020/images/c9czkzr_0.jpg,0.5,1
/data0/zh/VM-UNet/data/isic17/IMD2020/images/c9czl4x_0.jpg,0.5,1
/data0/zh/VM-UNet/data/isic17/IMD2020/images/c9d09n3_0.jpg,0.5,1
/data0/zh/VM-UNet/data/isic17/IMD2020/images/c9d0hcc_0.jpg,0.5,1
/data0/zh/VM-UNet/data/isic17/IMD2020/images/c9d0vu3_0.jpg,0.5,1
/data0/zh/VM-UNet/data/isic17/IMD2020/images/c9d1bek_0.png,0.5,1
/data0/zh/VM-UNet/data/isic17/IMD2020/images/c9d1ut9_0.jpg,0.5,1
/data0/zh/VM-UNet/data/isic17/IMD2020/images/c9d2odr_0.jpg,0.5,1
/data0/zh/VM-UNet/data/isic17/IMD2020/images/c9d2t1a_0.jpg,0.5,1
/data0/zh/VM-UNet/data/isic17/IMD2020/images/c9d37je_0.jpg,0.5,1
/data0/zh/VM-UNet/data/isic17/IMD2020/images/c9d38jl_0.jpg,0.5,1
/data0/zh/VM-UNet/data/isic17/IMD2020/images/c9d3l1c_0.jpg,0.5,1
/data0/zh/VM-UNet/data/isic17/IMD2020/images/c9d41vh_0.jpg,0.5,1
/data0/zh/VM-UNet/data/isic17/IMD2020/images/c9d4ljv_0.jpg,0.5,1
/data0/zh/VM-UNet/data/isic17/IMD2020/images/c9d4vh2_0.png,0.5,1
/data0/zh/VM-UNet/data/isic17/IMD2020/images/c9d56du_0.png,0.5,1
/data0/zh/VM-UNet/data/isic17/IMD2020/images/c9d5i6n_0.jpg,0.5,1
/data0/zh/VM-UNet/data/isic17/IMD2020/images/c9d5q6i_0.jpg,0.5,1
/data0/zh/VM-UNet/data/isic17/IMD2020/images/c9d617b_0.jpg,0.5,1
/data0/zh/VM-UNet/data/isic17/IMD2020/images/c9d6jfi_0.jpg,0.5,1
/data0/zh/VM-UNet/data/isic17/IMD2020/images/c9d710z_0.jpg,0.5,1
/data0/zh/VM-UNet/data/isic17/IMD2020/images/c9d78r8_0.jpg,0.5,1
/data0/zh/VM-UNet/data/isic17/IMD2020/images/c9d7ags_0.jpg,0.5,1
/data0/zh/VM-UNet/data/isic17/IMD2020/images/c9d7js8_0.jpg,0.5,1
/data0/zh/VM-UNet/data/isic17/IMD2020/images/c9d7t09_0.jpg,0.5,1
/data0/zh/VM-UNet/data/isic17/IMD2020/images/c9d81o3_0.jpg,0.5,1
/data0/zh/VM-UNet/data/isic17/IMD2020/images/c9d9dft_0.jpg,0.5,1
/data0/zh/VM-UNet/data/isic17/IMD2020/images/c9d9e1a_0.png,0.5,1
/data0/zh/VM-UNet/data/isic17/IMD2020/images/c9d9pl9_0.jpg,0.5,1
/data0/zh/VM-UNet/data/isic17/IMD2020/images/c9db1wq_0.jpg,0.5,1
/data0/zh/VM-UNet/data/isic17/IMD2020/images/c9db37a_0.jpg,0.5,1
/data0/zh/VM-UNet/data/isic17/IMD2020/images/c9dc59i_0.jpg,0.5,1
/data0/zh/VM-UNet/data/isic17/IMD2020/images/c9dcvq8_0.jpg,0.5,1
/data0/zh/VM-UNet/data/isic17/IMD2020/images/c9dcyjm_0.jpg,0.5,1
/data0/zh/VM-UNet/data/isic17/IMD2020/images/c9dd24r_0.jpg,0.5,1
/data0/zh/VM-UNet/data/isic17/IMD2020/images/c9dem0q_0.jpg,0.5,1
/data0/zh/VM-UNet/data/isic17/IMD2020/images/c9df1un_0.jpg,0.5,1
/data0/zh/VM-UNet/data/isic17/IMD2020/images/c9dko71_0.jpg,0.5,1
/data0/zh/VM-UNet/data/isic17/IMD2020/images/c9dl0if_0.jpg,0.5,1
/data0/zh/VM-UNet/data/isic17/IMD2020/images/c9dl27f_0.jpg,0.5,1
/data0/zh/VM-UNet/data/isic17/IMD2020/images/c9dmses_0.jpg,0.5,1
/data0/zh/VM-UNet/data/isic17/IMD2020/images/c9dnkas_0.jpg,0.5,1
/data0/zh/VM-UNet/data/isic17/IMD2020/images/c9dnz7d_0.jpg,0.5,1
/data0/zh/VM-UNet/data/isic17/IMD2020/images/c9do678_0.jpg,0.5,1
/data0/zh/VM-UNet/data/isic17/IMD2020/images/c9do7hm_0.jpg,0.5,1
/data0/zh/VM-UNet/data/isic17/IMD2020/images/c9dobg3_0.jpg,0.5,1
/data0/zh/VM-UNet/data/isic17/IMD2020/images/c9dpamg_0.png,0.5,1
/data0/zh/VM-UNet/data/isic17/IMD2020/images/c9dq7o6_0.jpg,0.5,1
/data0/zh/VM-UNet/data/isic17/IMD2020/images/c9dqbbe_0.jpg,0.5,1
/data0/zh/VM-UNet/data/isic17/IMD2020/images/c9dr5uk_0.jpg,0.5,1
/data0/zh/VM-UNet/data/isic17/IMD2020/images/c9dr8ae_0.jpg,0.5,1
/data0/zh/VM-UNet/data/isic17/IMD2020/images/c9drap5_0.jpg,0.5,1
/data0/zh/VM-UNet/data/isic17/IMD2020/images/c9drgb8_0.jpg,0.5,1
/data0/zh/VM-UNet/data/isic17/IMD2020/images/c9dscl6_0.jpg,0.5,1
/data0/zh/VM-UNet/data/isic17/IMD2020/images/c9dst40_0.jpg,0.5,1
/data0/zh/VM-UNet/data/isic17/IMD2020/images/c9dsznh_0.jpg,0.5,1
/data0/zh/VM-UNet/data/isic17/IMD2020/images/c9du4ht_0.jpg,0.5,1
/data0/zh/VM-UNet/data/isic17/IMD2020/images/c9du7a8_0.jpg,0.5,1
/data0/zh/VM-UNet/data/isic17/IMD2020/images/c9durpw_0.jpg,0.5,1
/data0/zh/VM-UNet/data/isic17/IMD2020/images/c9dvojg_0.jpg,0.5,1
/data0/zh/VM-UNet/data/isic17/IMD2020/images/c9dvolx_0.jpg,0.5,1
/data0/zh/VM-UNet/data/isic17/IMD2020/images/c9dvu4w_0.jpg,0.5,1
/data0/zh/VM-UNet/data/isic17/IMD2020/images/c9dwcgf_0.jpg,0.5,1
/data0/zh/VM-UNet/data/isic17/IMD2020/images/c9dwil8_0.jpg,0.5,1
/data0/zh/VM-UNet/data/isic17/IMD2020/images/c9dwu2g_0.jpg,0.5,1
/data0/zh/VM-UNet/data/isic17/IMD2020/images/c9dwwid_0.jpg,0.5,1
/data0/zh/VM-UNet/data/isic17/IMD2020/images/c9dxbvt_0.jpg,0.5,1
/data0/zh/VM-UNet/data/isic17/IMD2020/images/c9dyl8y_0.jpg,0.5,1
/data0/zh/VM-UNet/data/isic17/IMD2020/images/c9e195c_0.jpg,0.5,1
/data0/zh/VM-UNet/data/isic17/IMD2020/images/c9e3ftk_0.jpg,0.5,1
/data0/zh/VM-UNet/data/isic17/IMD2020/images/c9e3pq0_0.png,0.5,1
/data0/zh/VM-UNet/data/isic17/IMD2020/images/c9e4ble_0.jpg,0.5,1
/data0/zh/VM-UNet/data/isic17/IMD2020/images/c9e4i0n_0.jpg,0.5,1
/data0/zh/VM-UNet/data/isic17/IMD2020/images/c9e4pg2_0.jpg,0.5,1
/data0/zh/VM-UNet/data/isic17/IMD2020/images/c9e7x90_0.jpg,0.5,1
/data0/zh/VM-UNet/data/isic17/IMD2020/images/c9e9r5q_0.jpg,0.5,1
/data0/zh/VM-UNet/data/isic17/IMD2020/images/c9e9teg_0.jpg,0.5,1
/data0/zh/VM-UNet/data/isic17/IMD2020/images/c9eayk3_0.jpg,0.5,1
/data0/zh/VM-UNet/data/isic17/IMD2020/images/c9ebxsh_0.jpg,0.5,1
/data0/zh/VM-UNet/data/isic17/IMD2020/images/c9ec1il_0.jpg,0.5,1
/data0/zh/VM-UNet/data/isic17/IMD2020/images/c9ec9j2_0.jpg,0.5,1
/data0/zh/VM-UNet/data/isic17/IMD2020/images/c9ece0x_0.jpg,0.5,1
/data0/zh/VM-UNet/data/isic17/IMD2020/images/c9ecnrt_0.jpg,0.5,1
/data0/zh/VM-UNet/data/isic17/IMD2020/images/c9ecs0x_0.jpg,0.5,1
/data0/zh/VM-UNet/data/isic17/IMD2020/images/c9ed1is_0.jpg,0.5,1
/data0/zh/VM-UNet/data/isic17/IMD2020/images/c9ed8pk_0.jpg,0.5,1
/data0/zh/VM-UNet/data/isic17/IMD2020/images/c9eddxz_0.jpg,0.5,1
/data0/zh/VM-UNet/data/isic17/IMD2020/images/c9ee26f_0.jpg,0.5,1
/data0/zh/VM-UNet/data/isic17/IMD2020/images/c9ege42_0.jpg,0.5,1
/data0/zh/VM-UNet/data/isic17/IMD2020/images/c9egvex_0.jpg,0.5,1
/data0/zh/VM-UNet/data/isic17/IMD2020/images/c9ehqe2_0.jpg,0.5,1
/data0/zh/VM-UNet/data/isic17/IMD2020/images/c9eiaqx_0.jpg,0.5,1
/data0/zh/VM-UNet/data/isic17/IMD2020/images/c9eictw_0.png,0.5,1
/data0/zh/VM-UNet/data/isic17/IMD2020/images/c9eierm_0.jpg,0.5,1
/data0/zh/VM-UNet/data/isic17/IMD2020/images/c9eki1d_0.jpg,0.5,1
/data0/zh/VM-UNet/data/isic17/IMD2020/images/c9ekoti_0.png,0.5,1
/data0/zh/VM-UNet/data/isic17/IMD2020/images/c9elhr5_0.png,0.5,1
/data0/zh/VM-UNet/data/isic17/IMD2020/images/c9elrrk_0.jpg,0.5,1
/data0/zh/VM-UNet/data/isic17/IMD2020/images/c9en86k_0.jpg,0.5,1
/data0/zh/VM-UNet/data/isic17/IMD2020/images/c9ens87_0.jpg,0.5,1
/data0/zh/VM-UNet/data/isic17/IMD2020/images/c9eowm6_0.jpg,0.5,1
/data0/zh/VM-UNet/data/isic17/IMD2020/images/c9ep601_0.jpg,0.5,1
/data0/zh/VM-UNet/data/isic17/IMD2020/images/c9epo48_0.jpg,0.5,1
/data0/zh/VM-UNet/data/isic17/IMD2020/images/c9epyi9_0.jpg,0.5,1
/data0/zh/VM-UNet/data/isic17/IMD2020/images/c9eqhuj_0.jpg,0.5,1
/data0/zh/VM-UNet/data/isic17/IMD2020/images/c9eqqy1_0.jpg,0.5,1
/data0/zh/VM-UNet/data/isic17/IMD2020/images/c9erwxd_0.jpg,0.5,1
/data0/zh/VM-UNet/data/isic17/IMD2020/images/c9esffq_0.jpg,0.5,1
/data0/zh/VM-UNet/data/isic17/IMD2020/images/c9etyea_0.jpg,0.5,1
/data0/zh/VM-UNet/data/isic17/IMD2020/images/c9euw8c_0.jpg,0.5,1
/data0/zh/VM-UNet/data/isic17/IMD2020/images/c9euxib_0.jpg,0.5,1
/data0/zh/VM-UNet/data/isic17/IMD2020/images/c9ezpzg_0.jpg,0.5,1
/data0/zh/VM-UNet/data/isic17/IMD2020/images/c9f090n_0.jpg,0.5,1
/data0/zh/VM-UNet/data/isic17/IMD2020/images/c9f0e67_0.jpg,0.5,1
/data0/zh/VM-UNet/data/isic17/IMD2020/images/c9f0jqs_0.jpg,0.5,1
/data0/zh/VM-UNet/data/isic17/IMD2020/images/c9f0la4_0.jpg,0.5,1
/data0/zh/VM-UNet/data/isic17/IMD2020/images/c9f0n0z_0.jpg,0.5,1
/data0/zh/VM-UNet/data/isic17/IMD2020/images/c9f0r3h_0.png,0.5,1
/data0/zh/VM-UNet/data/isic17/IMD2020/images/c9f0vmz_0.jpg,0.5,1
/data0/zh/VM-UNet/data/isic17/IMD2020/images/c9f13p5_0.jpg,0.5,1
/data0/zh/VM-UNet/data/isic17/IMD2020/images/c9f14qe_0.jpg,0.5,1
/data0/zh/VM-UNet/data/isic17/IMD2020/images/c9f1h60_0.jpg,0.5,1
/data0/zh/VM-UNet/data/isic17/IMD2020/images/c9f2dub_0.jpg,0.5,1
/data0/zh/VM-UNet/data/isic17/IMD2020/images/c9f2qch_0.jpg,0.5,1
/data0/zh/VM-UNet/data/isic17/IMD2020/images/c9f2sfv_0.jpg,0.5,1
/data0/zh/VM-UNet/data/isic17/IMD2020/images/c9f2szu_0.jpg,0.5,1
/data0/zh/VM-UNet/data/isic17/IMD2020/images/c9f38b8_0.jpg,0.5,1
/data0/zh/VM-UNet/data/isic17/IMD2020/images/c9f3da2_0.jpg,0.5,1
/data0/zh/VM-UNet/data/isic17/IMD2020/images/c9f3n7z_0.jpg,0.5,1
/data0/zh/VM-UNet/data/isic17/IMD2020/images/c9f465i_0.png,0.5,1
/data0/zh/VM-UNet/data/isic17/IMD2020/images/c9f517t_0.jpg,0.5,1
/data0/zh/VM-UNet/data/isic17/IMD2020/images/c9f535u_0.jpg,0.5,1
/data0/zh/VM-UNet/data/isic17/IMD2020/images/c9f627v_0.jpg,0.5,1
/data0/zh/VM-UNet/data/isic17/IMD2020/images/c9f8vaj_0.jpg,0.5,1
/data0/zh/VM-UNet/data/isic17/IMD2020/images/c9faxnv_0.jpg,0.5,1
/data0/zh/VM-UNet/data/isic17/IMD2020/images/c9fdzmf_0.jpg,0.5,1
/data0/zh/VM-UNet/data/isic17/IMD2020/images/c9fep2z_0.jpg,0.5,1
/data0/zh/VM-UNet/data/isic17/IMD2020/images/c9ffae4_0.jpg,0.5,1
/data0/zh/VM-UNet/data/isic17/IMD2020/images/c9fj64j_0.jpg,0.5,1
/data0/zh/VM-UNet/data/isic17/IMD2020/images/c9fjobh_0.jpg,0.5,1
/data0/zh/VM-UNet/data/isic17/IMD2020/images/c9fjq1l_0.jpg,0.5,1
/data0/zh/VM-UNet/data/isic17/IMD2020/images/c9fk35b_0.jpg,0.5,1
/data0/zh/VM-UNet/data/isic17/IMD2020/images/c9fl051_0.jpg,0.5,1
/data0/zh/VM-UNet/data/isic17/IMD2020/images/c9fl0yy_0.jpg,0.5,1
/data0/zh/VM-UNet/data/isic17/IMD2020/images/c9fl1lk_0.jpg,0.5,1
/data0/zh/VM-UNet/data/isic17/IMD2020/images/c9flfa0_0.jpg,0.5,1
/data0/zh/VM-UNet/data/isic17/IMD2020/images/c9fmaeu_0.jpg,0.5,1
/data0/zh/VM-UNet/data/isic17/IMD2020/images/c9fmhir_0.jpg,0.5,1
/data0/zh/VM-UNet/data/isic17/IMD2020/images/c9fmrsm_0.png,0.5,1
/data0/zh/VM-UNet/data/isic17/IMD2020/images/c9fmv7c_0.jpg,0.5,1
/data0/zh/VM-UNet/data/isic17/IMD2020/images/c9fn5j8_0.jpg,0.5,1
/data0/zh/VM-UNet/data/isic17/IMD2020/images/c9fntrg_0.jpg,0.5,1
/data0/zh/VM-UNet/data/isic17/IMD2020/images/c9fnyyh_0.jpg,0.5,1
/data0/zh/VM-UNet/data/isic17/IMD2020/images/c9fo87w_0.jpg,0.5,1
/data0/zh/VM-UNet/data/isic17/IMD2020/images/c9fprtk_0.jpg,0.5,1
/data0/zh/VM-UNet/data/isic17/IMD2020/images/c9fqbs0_0.jpg,0.5,1
/data0/zh/VM-UNet/data/isic17/IMD2020/images/c9fqiqn_0.jpg,0.5,1
/data0/zh/VM-UNet/data/isic17/IMD2020/images/c9fqvx5_0.jpg,0.5,1
/data0/zh/VM-UNet/data/isic17/IMD2020/images/c9ft4yi_0.jpg,0.5,1
/data0/zh/VM-UNet/data/isic17/IMD2020/images/c9fuxna_0.jpg,0.5,1
/data0/zh/VM-UNet/data/isic17/IMD2020/images/c9fva3b_0.jpg,0.5,1
/data0/zh/VM-UNet/data/isic17/IMD2020/images/c9fvs3e_0.jpg,0.5,1
/data0/zh/VM-UNet/data/isic17/IMD2020/images/c9fvtzk_0.jpg,0.5,1
/data0/zh/VM-UNet/data/isic17/IMD2020/images/c9fw1nt_0.jpg,0.5,1
/data0/zh/VM-UNet/data/isic17/IMD2020/images/c9fwc5l_0.jpg,0.5,1
/data0/zh/VM-UNet/data/isic17/IMD2020/images/c9fxc80_0.jpg,0.5,1
/data0/zh/VM-UNet/data/isic17/IMD2020/images/c9fxdln_0.jpg,0.5,1
/data0/zh/VM-UNet/data/isic17/IMD2020/images/c9fxe3f_0.jpg,0.5,1
/data0/zh/VM-UNet/data/isic17/IMD2020/images/c9fxudz_0.jpg,0.5,1
/data0/zh/VM-UNet/data/isic17/IMD2020/images/c9fxwfb_0.png,0.5,1
/data0/zh/VM-UNet/data/isic17/IMD2020/images/c9fyiz2_0.jpg,0.5,1
/data0/zh/VM-UNet/data/isic17/IMD2020/images/c9fz0du_0.jpg,0.5,1
/data0/zh/VM-UNet/data/isic17/IMD2020/images/c9fzio7_0.jpg,0.5,1
/data0/zh/VM-UNet/data/isic17/IMD2020/images/c9g1oc0_0.jpg,0.5,1
/data0/zh/VM-UNet/data/isic17/IMD2020/images/c9g1s99_0.jpg,0.5,1
/data0/zh/VM-UNet/data/isic17/IMD2020/images/c9g2fgf_0.jpg,0.5,1
/data0/zh/VM-UNet/data/isic17/IMD2020/images/c9g2y6q_0.png,0.5,1
/data0/zh/VM-UNet/data/isic17/IMD2020/images/c9g3114_0.jpg,0.5,1
/data0/zh/VM-UNet/data/isic17/IMD2020/images/c9g35w2_0.jpg,0.5,1
/data0/zh/VM-UNet/data/isic17/IMD2020/images/c9g3a9c_0.jpg,0.5,1
/data0/zh/VM-UNet/data/isic17/IMD2020/images/c9g3oqm_0.jpg,0.5,1
/data0/zh/VM-UNet/data/isic17/IMD2020/images/c9g3rke_0.jpg,0.5,1
/data0/zh/VM-UNet/data/isic17/IMD2020/images/c9g4hr5_0.jpg,0.5,1
/data0/zh/VM-UNet/data/isic17/IMD2020/images/c9g4p2k_0.jpg,0.5,1
/data0/zh/VM-UNet/data/isic17/IMD2020/images/c9g4vhi_0.png,0.5,1
/data0/zh/VM-UNet/data/isic17/IMD2020/images/c9g5jrp_0.jpg,0.5,1
/data0/zh/VM-UNet/data/isic17/IMD2020/images/c9g5nv8_0.jpg,0.5,1
/data0/zh/VM-UNet/data/isic17/IMD2020/images/c9g5v1g_0.jpg,0.5,1
/data0/zh/VM-UNet/data/isic17/IMD2020/images/c9g5zv6_0.jpg,0.5,1
/data0/zh/VM-UNet/data/isic17/IMD2020/images/c9g6sg0_0.jpg,0.5,1
/data0/zh/VM-UNet/data/isic17/IMD2020/images/c9g6vta_0.jpg,0.5,1
/data0/zh/VM-UNet/data/isic17/IMD2020/images/c9g7604_0.jpg,0.5,1
/data0/zh/VM-UNet/data/isic17/IMD2020/images/c9g787e_0.jpg,0.5,1
/data0/zh/VM-UNet/data/isic17/IMD2020/images/c9g80q7_0.jpg,0.5,1
/data0/zh/VM-UNet/data/isic17/IMD2020/images/c9g8384_0.jpg,0.5,1
/data0/zh/VM-UNet/data/isic17/IMD2020/images/c9g8k86_0.jpg,0.5,1
/data0/zh/VM-UNet/data/isic17/IMD2020/images/c9g8zth_0.jpg,0.5,1
/data0/zh/VM-UNet/data/isic17/IMD2020/images/c9g93re_0.jpg,0.5,1
/data0/zh/VM-UNet/data/isic17/IMD2020/images/c9g9ld3_0.jpg,0.5,1
/data0/zh/VM-UNet/data/isic17/IMD2020/images/c9g9mr9_0.jpg,0.5,1
/data0/zh/VM-UNet/data/isic17/IMD2020/images/c9g9t6z_0.jpg,0.5,1
/data0/zh/VM-UNet/data/isic17/IMD2020/images/c9gattf_0.jpg,0.5,1
/data0/zh/VM-UNet/data/isic17/IMD2020/images/c9gbskr_0.jpg,0.5,1
/data0/zh/VM-UNet/data/isic17/IMD2020/images/c9gck87_0.jpg,0.5,1
/data0/zh/VM-UNet/data/isic17/IMD2020/images/c9gd2mj_0.jpg,0.5,1
/data0/zh/VM-UNet/data/isic17/IMD2020/images/c9gd5k9_0.jpg,0.5,1
/data0/zh/VM-UNet/data/isic17/IMD2020/images/c9gd6qy_0.jpg,0.5,1
/data0/zh/VM-UNet/data/isic17/IMD2020/images/c9gd8cq_0.jpg,0.5,1
/data0/zh/VM-UNet/data/isic17/IMD2020/images/c9gda7u_0.jpg,0.5,1
/data0/zh/VM-UNet/data/isic17/IMD2020/images/c9gdmsw_0.jpg,0.5,1
/data0/zh/VM-UNet/data/isic17/IMD2020/images/c9gdsx5_0.jpg,0.5,1
/data0/zh/VM-UNet/data/isic17/IMD2020/images/c9gdyzr_0.jpg,0.5,1
/data0/zh/VM-UNet/data/isic17/IMD2020/images/c9gf8ln_0.jpg,0.5,1
/data0/zh/VM-UNet/data/isic17/IMD2020/images/c9gfhtc_0.jpg,0.5,1
/data0/zh/VM-UNet/data/isic17/IMD2020/images/c9gfnnb_0.jpg,0.5,1
/data0/zh/VM-UNet/data/isic17/IMD2020/images/c9gg5nc_0.jpg,0.5,1
/data0/zh/VM-UNet/data/isic17/IMD2020/images/c9ggl99_0.jpg,0.5,1
/data0/zh/VM-UNet/data/isic17/IMD2020/images/c9ghgvz_0.jpg,0.5,1
/data0/zh/VM-UNet/data/isic17/IMD2020/images/c9ghoad_0.jpg,0.5,1
/data0/zh/VM-UNet/data/isic17/IMD2020/images/c9gjago_0.jpg,0.5,1
/data0/zh/VM-UNet/data/isic17/IMD2020/images/c9gjh0g_0.jpg,0.5,1
/data0/zh/VM-UNet/data/isic17/IMD2020/images/c9gkk0s_0.jpg,0.5,1
/data0/zh/VM-UNet/data/isic17/IMD2020/images/c9gl75j_0.jpg,0.5,1
/data0/zh/VM-UNet/data/isic17/IMD2020/images/c9glbxq_0.jpg,0.5,1
/data0/zh/VM-UNet/data/isic17/IMD2020/images/c9gmqwd_0.png,0.5,1
/data0/zh/VM-UNet/data/isic17/IMD2020/images/c9gmtbg_0.jpg,0.5,1
/data0/zh/VM-UNet/data/isic17/IMD2020/images/c9gn0vx_0.jpg,0.5,1
/data0/zh/VM-UNet/data/isic17/IMD2020/images/c9gn94z_0.jpg,0.5,1
/data0/zh/VM-UNet/data/isic17/IMD2020/images/c9grcz4_0.jpg,0.5,1
/data0/zh/VM-UNet/data/isic17/IMD2020/images/c9grv2t_0.jpg,0.5,1
/data0/zh/VM-UNet/data/isic17/IMD2020/images/c9gs7bm_0.png,0.5,1
/data0/zh/VM-UNet/data/isic17/IMD2020/images/c9gss1i_0.jpg,0.5,1
/data0/zh/VM-UNet/data/isic17/IMD2020/images/c9gsyda_0.jpg,0.5,1
/data0/zh/VM-UNet/data/isic17/IMD2020/images/c9gtkcd_0.jpg,0.5,1
/data0/zh/VM-UNet/data/isic17/IMD2020/images/c9gtlnu_0.jpg,0.5,1
/data0/zh/VM-UNet/data/isic17/IMD2020/images/c9gtq1e_0.jpg,0.5,1
/data0/zh/VM-UNet/data/isic17/IMD2020/images/c9gw35r_0.jpg,0.5,1
/data0/zh/VM-UNet/data/isic17/IMD2020/images/c9gx2vm_0.png,0.5,1
/data0/zh/VM-UNet/data/isic17/IMD2020/images/c9gxwzy_0.jpg,0.5,1
/data0/zh/VM-UNet/data/isic17/IMD2020/images/c9gyshx_0.jpg,0.5,1
/data0/zh/VM-UNet/data/isic17/IMD2020/images/c9gz0w4_0.jpg,0.5,1
/data0/zh/VM-UNet/data/isic17/IMD2020/images/c9gzach_0.jpg,0.5,1
/data0/zh/VM-UNet/data/isic17/IMD2020/images/c9h02el_0.png,0.5,1
/data0/zh/VM-UNet/data/isic17/IMD2020/images/c9h0993_0.jpg,0.5,1
/data0/zh/VM-UNet/data/isic17/IMD2020/images/c9h0gbn_0.png,0.5,1
/data0/zh/VM-UNet/data/isic17/IMD2020/images/c9h0z4q_0.jpg,0.5,1
/data0/zh/VM-UNet/data/isic17/IMD2020/images/c9h11gt_0.jpg,0.5,1
/data0/zh/VM-UNet/data/isic17/IMD2020/images/c9h1614_0.jpg,0.5,1
/data0/zh/VM-UNet/data/isic17/IMD2020/images/c9h1dkc_0.jpg,0.5,1
/data0/zh/VM-UNet/data/isic17/IMD2020/images/c9h2clv_0.jpg,0.5,1
/data0/zh/VM-UNet/data/isic17/IMD2020/images/c9h2k3n_0.jpg,0.5,1
/data0/zh/VM-UNet/data/isic17/IMD2020/images/c9h2sab_0.jpg,0.5,1
/data0/zh/VM-UNet/data/isic17/IMD2020/images/c9h2seb_0.jpg,0.5,1
/data0/zh/VM-UNet/data/isic17/IMD2020/images/c9h2tvs_0.jpg,0.5,1
/data0/zh/VM-UNet/data/isic17/IMD2020/images/c9h38o1_0.jpg,0.5,1
/data0/zh/VM-UNet/data/isic17/IMD2020/images/c9h3b9x_0.jpg,0.5,1
/data0/zh/VM-UNet/data/isic17/IMD2020/images/c9h3qse_0.jpg,0.5,1
/data0/zh/VM-UNet/data/isic17/IMD2020/images/c9h41sp_0.jpg,0.5,1
/data0/zh/VM-UNet/data/isic17/IMD2020/images/c9h4ej3_0.jpg,0.5,1
/data0/zh/VM-UNet/data/isic17/IMD2020/images/c9h4l2n_0.jpg,0.5,1
/data0/zh/VM-UNet/data/isic17/IMD2020/images/c9h53ur_0.jpg,0.5,1
/data0/zh/VM-UNet/data/isic17/IMD2020/images/c9h5fdh_0.jpg,0.5,1
/data0/zh/VM-UNet/data/isic17/IMD2020/images/c9h5ga4_0.jpg,0.5,1
/data0/zh/VM-UNet/data/isic17/IMD2020/images/c9h6icz_0.jpg,0.5,1
/data0/zh/VM-UNet/data/isic17/IMD2020/images/c9h6iyv_0.jpg,0.5,1
/data0/zh/VM-UNet/data/isic17/IMD2020/images/c9h6m92_0.jpg,0.5,1
/data0/zh/VM-UNet/data/isic17/IMD2020/images/c9h7w73_0.jpg,0.5,1
/data0/zh/VM-UNet/data/isic17/IMD2020/images/c9h97f9_0.jpg,0.5,1
/data0/zh/VM-UNet/data/isic17/IMD2020/images/c9h9cv3_0.jpg,0.5,1
/data0/zh/VM-UNet/data/isic17/IMD2020/images/c9hal43_0.jpg,0.5,1
/data0/zh/VM-UNet/data/isic17/IMD2020/images/c9hanuj_0.jpg,0.5,1
/data0/zh/VM-UNet/data/isic17/IMD2020/images/c9harx6_0.jpg,0.5,1
/data0/zh/VM-UNet/data/isic17/IMD2020/images/c9hb4rz_0.jpg,0.5,1
/data0/zh/VM-UNet/data/isic17/IMD2020/images/c9hcema_0.jpg,0.5,1
/data0/zh/VM-UNet/data/isic17/IMD2020/images/c9hd3rx_0.jpg,0.5,1
/data0/zh/VM-UNet/data/isic17/IMD2020/images/c9hdjxv_0.png,0.5,1
/data0/zh/VM-UNet/data/isic17/IMD2020/images/c9hg0i2_0.jpg,0.5,1
/data0/zh/VM-UNet/data/isic17/IMD2020/images/c9hgkbl_0.jpg,0.5,1
/data0/zh/VM-UNet/data/isic17/IMD2020/images/c9hgxau_0.jpg,0.5,1
/data0/zh/VM-UNet/data/isic17/IMD2020/images/c9hi7nj_0.jpg,0.5,1
/data0/zh/VM-UNet/data/isic17/IMD2020/images/c9hj5lr_0.jpg,0.5,1
/data0/zh/VM-UNet/data/isic17/IMD2020/images/c9hjnfo_0.jpg,0.5,1
/data0/zh/VM-UNet/data/isic17/IMD2020/images/c9hk5hp_0.jpg,0.5,1
/data0/zh/VM-UNet/data/isic17/IMD2020/images/c9hk6li_0.jpg,0.5,1
/data0/zh/VM-UNet/data/isic17/IMD2020/images/c9hks52_0.jpg,0.5,1
/data0/zh/VM-UNet/data/isic17/IMD2020/images/c9hlbrm_0.jpg,0.5,1
/data0/zh/VM-UNet/data/isic17/IMD2020/images/c9hlhc2_0.jpg,0.5,1
/data0/zh/VM-UNet/data/isic17/IMD2020/images/c9hmf8f_0.jpg,0.5,1
/data0/zh/VM-UNet/data/isic17/IMD2020/images/c9hmzo9_0.jpg,0.5,1
/data0/zh/VM-UNet/data/isic17/IMD2020/images/c9hnxex_0.jpg,0.5,1
/data0/zh/VM-UNet/data/isic17/IMD2020/images/c9hoexk_0.jpg,0.5,1
/data0/zh/VM-UNet/data/isic17/IMD2020/images/c9honhf_0.jpg,0.5,1
/data0/zh/VM-UNet/data/isic17/IMD2020/images/c9houy2_0.jpg,0.5,1
/data0/zh/VM-UNet/data/isic17/IMD2020/images/c9hr4mf_0.png,0.5,1
/data0/zh/VM-UNet/data/isic17/IMD2020/images/c9hs9do_0.jpg,0.5,1
/data0/zh/VM-UNet/data/isic17/IMD2020/images/c9hsiyf_0.jpg,0.5,1
/data0/zh/VM-UNet/data/isic17/IMD2020/images/c9hto4a_0.jpg,0.5,1
/data0/zh/VM-UNet/data/isic17/IMD2020/images/c9hu5ce_0.jpg,0.5,1
/data0/zh/VM-UNet/data/isic17/IMD2020/images/c9hud83_0.jpg,0.5,1
/data0/zh/VM-UNet/data/isic17/IMD2020/images/c9hui3v_0.jpg,0.5,1
/data0/zh/VM-UNet/data/isic17/IMD2020/images/c9hv3aa_0.jpg,0.5,1
/data0/zh/VM-UNet/data/isic17/IMD2020/images/c9hx5lf_0.jpg,0.5,1
/data0/zh/VM-UNet/data/isic17/IMD2020/images/c9hxepw_0.jpg,0.5,1
/data0/zh/VM-UNet/data/isic17/IMD2020/images/c9hxjwt_0.jpg,0.5,1
/data0/zh/VM-UNet/data/isic17/IMD2020/images/c9hyb2c_0.jpg,0.5,1
/data0/zh/VM-UNet/data/isic17/IMD2020/images/c9hyeec_0.jpg,0.5,1
/data0/zh/VM-UNet/data/isic17/IMD2020/images/c9i057u_0.jpg,0.5,1
/data0/zh/VM-UNet/data/isic17/IMD2020/images/c9i09lt_0.jpg,0.5,1
/data0/zh/VM-UNet/data/isic17/IMD2020/images/c9i2yhe_0.jpg,0.5,1
/data0/zh/VM-UNet/data/isic17/IMD2020/images/c9i6dg5_0.jpg,0.5,1
/data0/zh/VM-UNet/data/isic17/IMD2020/images/c9i892b_0.jpg,0.5,1
/data0/zh/VM-UNet/data/isic17/IMD2020/images/c9i8kwz_0.jpg,0.5,1
/data0/zh/VM-UNet/data/isic17/IMD2020/images/c9ic6md_0.jpg,0.5,1
/data0/zh/VM-UNet/data/isic17/IMD2020/images/c9ic90m_0.jpg,0.5,1
/data0/zh/VM-UNet/data/isic17/IMD2020/images/c9iccvg_0.jpg,0.5,1
/data0/zh/VM-UNet/data/isic17/IMD2020/images/c9idrs0_0.jpg,0.5,1
/data0/zh/VM-UNet/data/isic17/IMD2020/images/c9ieqkj_0.jpg,0.5,1
/data0/zh/VM-UNet/data/isic17/IMD2020/images/c9if3fi_0.jpg,0.5,1
/data0/zh/VM-UNet/data/isic17/IMD2020/images/c9iff6x_0.jpg,0.5,1
/data0/zh/VM-UNet/data/isic17/IMD2020/images/c9ihhh7_0.jpg,0.5,1
/data0/zh/VM-UNet/data/isic17/IMD2020/images/c9ihn1n_0.png,0.5,1
/data0/zh/VM-UNet/data/isic17/IMD2020/images/c9ihomk_0.jpg,0.5,1
/data0/zh/VM-UNet/data/isic17/IMD2020/images/c9ihrfw_0.jpg,0.5,1
/data0/zh/VM-UNet/data/isic17/IMD2020/images/c9ihvi6_0.jpg,0.5,1
/data0/zh/VM-UNet/data/isic17/IMD2020/images/c9ii3or_0.jpg,0.5,1
/data0/zh/VM-UNet/data/isic17/IMD2020/images/c9ii586_0.jpg,0.5,1
/data0/zh/VM-UNet/data/isic17/IMD2020/images/c9ii7ff_0.jpg,0.5,1
/data0/zh/VM-UNet/data/isic17/IMD2020/images/c9ii97p_0.png,0.5,1
/data0/zh/VM-UNet/data/isic17/IMD2020/images/c9iibxz_0.jpg,0.5,1
/data0/zh/VM-UNet/data/isic17/IMD2020/images/c9iibzf_0.jpg,0.5,1
/data0/zh/VM-UNet/data/isic17/IMD2020/images/c9iidxf_0.jpg,0.5,1
/data0/zh/VM-UNet/data/isic17/IMD2020/images/c9iihrs_0.jpg,0.5,1
/data0/zh/VM-UNet/data/isic17/IMD2020/images/c9iijp8_0.jpg,0.5,1
/data0/zh/VM-UNet/data/isic17/IMD2020/images/c9iiklk_0.jpg,0.5,1
/data0/zh/VM-UNet/data/isic17/IMD2020/images/c9iin2c_0.jpg,0.5,1
/data0/zh/VM-UNet/data/isic17/IMD2020/images/c9iin8c_0.jpg,0.5,1
/data0/zh/VM-UNet/data/isic17/IMD2020/images/c9iis5u_0.jpg,0.5,1
/data0/zh/VM-UNet/data/isic17/IMD2020/images/c9ij6ir_0.jpg,0.5,1
/data0/zh/VM-UNet/data/isic17/IMD2020/images/c9ijdae_0.jpg,0.5,1
/data0/zh/VM-UNet/data/isic17/IMD2020/images/c9ijf08_0.jpg,0.5,1
/data0/zh/VM-UNet/data/isic17/IMD2020/images/c9ik1fl_0.jpg,0.5,1
/data0/zh/VM-UNet/data/isic17/IMD2020/images/c9ikbq4_0.jpg,0.5,1
/data0/zh/VM-UNet/data/isic17/IMD2020/images/c9il4y8_0.jpg,0.5,1
/data0/zh/VM-UNet/data/isic17/IMD2020/images/c9ily5x_0.jpg,0.5,1
/data0/zh/VM-UNet/data/isic17/IMD2020/images/c9imbmj_0.jpg,0.5,1
/data0/zh/VM-UNet/data/isic17/IMD2020/images/c9imetl_0.jpg,0.5,1
/data0/zh/VM-UNet/data/isic17/IMD2020/images/c9imiv9_0.jpg,0.5,1
/data0/zh/VM-UNet/data/isic17/IMD2020/images/c9io67n_0.jpg,0.5,1
/data0/zh/VM-UNet/data/isic17/IMD2020/images/c9iorrc_0.jpg,0.5,1
/data0/zh/VM-UNet/data/isic17/IMD2020/images/c9iovzx_0.jpg,0.5,1
/data0/zh/VM-UNet/data/isic17/IMD2020/images/c9iqfsg_0.jpg,0.5,1
/data0/zh/VM-UNet/data/isic17/IMD2020/images/c9is39d_0.jpg,0.5,1
/data0/zh/VM-UNet/data/isic17/IMD2020/images/c9islb2_0.jpg,0.5,1
/data0/zh/VM-UNet/data/isic17/IMD2020/images/c9iup8s_0.jpg,0.5,1
/data0/zh/VM-UNet/data/isic17/IMD2020/images/c9iuyp5_0.jpg,0.5,1
/data0/zh/VM-UNet/data/isic17/IMD2020/images/c9iwpff_0.jpg,0.5,1
/data0/zh/VM-UNet/data/isic17/IMD2020/images/c9ixvi8_0.jpg,0.5,1
/data0/zh/VM-UNet/data/isic17/IMD2020/images/c9ixvz6_0.jpg,0.5,1
/data0/zh/VM-UNet/data/isic17/IMD2020/images/c9ixwnp_0.jpg,0.5,1
/data0/zh/VM-UNet/data/isic17/IMD2020/images/c9iy8fs_0.jpg,0.5,1
/data0/zh/VM-UNet/data/isic17/IMD2020/images/c9iz4b4_0.jpg,0.5,1
/data0/zh/VM-UNet/data/isic17/IMD2020/images/c9j1u8d_0.jpg,0.5,1
/data0/zh/VM-UNet/data/isic17/IMD2020/images/c9j1upi_0.jpg,0.5,1
/data0/zh/VM-UNet/data/isic17/IMD2020/images/c9j223g_0.jpg,0.5,1
/data0/zh/VM-UNet/data/isic17/IMD2020/images/c9j35au_0.jpg,0.5,1
/data0/zh/VM-UNet/data/isic17/IMD2020/images/c9j4nvh_0.jpg,0.5,1
/data0/zh/VM-UNet/data/isic17/IMD2020/images/c9j52sd_0.jpg,0.5,1
/data0/zh/VM-UNet/data/isic17/IMD2020/images/c9j61u4_0.jpg,0.5,1
/data0/zh/VM-UNet/data/isic17/IMD2020/images/c9j64u7_0.jpg,0.5,1
/data0/zh/VM-UNet/data/isic17/IMD2020/images/c9j6as6_0.jpg,0.5,1
/data0/zh/VM-UNet/data/isic17/IMD2020/images/c9j6j6z_0.jpg,0.5,1
/data0/zh/VM-UNet/data/isic17/IMD2020/images/c9j6rhn_0.jpg,0.5,1
/data0/zh/VM-UNet/data/isic17/IMD2020/images/c9j72t2_0.jpg,0.5,1
/data0/zh/VM-UNet/data/isic17/IMD2020/images/c9j7uh8_0.jpg,0.5,1
/data0/zh/VM-UNet/data/isic17/IMD2020/images/c9j80i6_0.jpg,0.5,1
/data0/zh/VM-UNet/data/isic17/IMD2020/images/c9j8c6q_0.png,0.5,1
/data0/zh/VM-UNet/data/isic17/IMD2020/images/c9j8ny0_0.jpg,0.5,1
/data0/zh/VM-UNet/data/isic17/IMD2020/images/c9j8xqc_0.jpg,0.5,1
/data0/zh/VM-UNet/data/isic17/IMD2020/images/c9j9hjm_0.jpg,0.5,1
/data0/zh/VM-UNet/data/isic17/IMD2020/images/c9jbfvl_0.jpg,0.5,1
/data0/zh/VM-UNet/data/isic17/IMD2020/images/c9je6ik_0.jpg,0.5,1
/data0/zh/VM-UNet/data/isic17/IMD2020/images/c9jesbk_0.jpg,0.5,1
/data0/zh/VM-UNet/data/isic17/IMD2020/images/c9jmyul_0.jpg,0.5,1
/data0/zh/VM-UNet/data/isic17/IMD2020/images/c9jnza3_0.jpg,0.5,1
/data0/zh/VM-UNet/data/isic17/IMD2020/images/c9joq7w_0.jpg,0.5,1
/data0/zh/VM-UNet/data/isic17/IMD2020/images/c9joxzm_0.jpg,0.5,1
/data0/zh/VM-UNet/data/isic17/IMD2020/images/c9jp0p0_0.jpg,0.5,1
/data0/zh/VM-UNet/data/isic17/IMD2020/images/c9jp25w_0.jpg,0.5,1
/data0/zh/VM-UNet/data/isic17/IMD2020/images/c9jp5wt_0.jpg,0.5,1
/data0/zh/VM-UNet/data/isic17/IMD2020/images/c9jpn76_0.jpg,0.5,1
/data0/zh/VM-UNet/data/isic17/IMD2020/images/c9jppfm_0.jpg,0.5,1
/data0/zh/VM-UNet/data/isic17/IMD2020/images/c9jpr8z_0.jpg,0.5,1
/data0/zh/VM-UNet/data/isic17/IMD2020/images/c9jq15h_0.jpg,0.5,1
/data0/zh/VM-UNet/data/isic17/IMD2020/images/c9jqa49_0.jpg,0.5,1
/data0/zh/VM-UNet/data/isic17/IMD2020/images/c9jqgc7_0.jpg,0.5,1
/data0/zh/VM-UNet/data/isic17/IMD2020/images/c9jqnxf_0.jpg,0.5,1
/data0/zh/VM-UNet/data/isic17/IMD2020/images/c9jqshm_0.jpg,0.5,1
/data0/zh/VM-UNet/data/isic17/IMD2020/images/c9jr9le_0.jpg,0.5,1
/data0/zh/VM-UNet/data/isic17/IMD2020/images/c9jrs8t_0.jpg,0.5,1
/data0/zh/VM-UNet/data/isic17/IMD2020/images/c9jsau5_0.jpg,0.5,1
/data0/zh/VM-UNet/data/isic17/IMD2020/images/c9jsov8_0.jpg,0.5,1
/data0/zh/VM-UNet/data/isic17/IMD2020/images/c9jtkmu_0.jpg,0.5,1
/data0/zh/VM-UNet/data/isic17/IMD2020/images/c9jtoex_0.png,0.5,1
/data0/zh/VM-UNet/data/isic17/IMD2020/images/c9juyz1_0.jpg,0.5,1
/data0/zh/VM-UNet/data/isic17/IMD2020/images/c9jv5re_0.png,0.5,1
/data0/zh/VM-UNet/data/isic17/IMD2020/images/c9jwdvv_0.jpg,0.5,1
/data0/zh/VM-UNet/data/isic17/IMD2020/images/c9jzdxb_0.jpg,0.5,1
/data0/zh/VM-UNet/data/isic17/IMD2020/images/c9k2es6_0.png,0.5,1
/data0/zh/VM-UNet/data/isic17/IMD2020/images/c9k2gmo_0.jpg,0.5,1
/data0/zh/VM-UNet/data/isic17/IMD2020/images/c9k2t5d_0.jpg,0.5,1
/data0/zh/VM-UNet/data/isic17/IMD2020/images/c9k3zdn_0.jpg,0.5,1
/data0/zh/VM-UNet/data/isic17/IMD2020/images/c9k4d7o_0.jpg,0.5,1
/data0/zh/VM-UNet/data/isic17/IMD2020/images/c9k5pqu_0.jpg,0.5,1
/data0/zh/VM-UNet/data/isic17/IMD2020/images/c9k9w0q_0.jpg,0.5,1
/data0/zh/VM-UNet/data/isic17/IMD2020/images/c9kajwp_0.jpg,0.5,1
/data0/zh/VM-UNet/data/isic17/IMD2020/images/c9kdajw_0.png,0.5,1
/data0/zh/VM-UNet/data/isic17/IMD2020/images/c9kirao_0.jpg,0.5,1
/data0/zh/VM-UNet/data/isic17/IMD2020/images/c9kj3pe_0.jpg,0.5,1
/data0/zh/VM-UNet/data/isic17/IMD2020/images/c9kjun7_0.jpg,0.5,1
/data0/zh/VM-UNet/data/isic17/IMD2020/images/c9kkyc7_0.jpg,0.5,1
/data0/zh/VM-UNet/data/isic17/IMD2020/images/c9kl1ld_0.png,0.5,1
/data0/zh/VM-UNet/data/isic17/IMD2020/images/c9kldmk_0.jpg,0.5,1
/data0/zh/VM-UNet/data/isic17/IMD2020/images/c9kliff_0.jpg,0.5,1
/data0/zh/VM-UNet/data/isic17/IMD2020/images/c9klnxl_0.jpg,0.5,1
/data0/zh/VM-UNet/data/isic17/IMD2020/images/c9kloca_0.jpg,0.5,1
/data0/zh/VM-UNet/data/isic17/IMD2020/images/c9klqw1_0.jpg,0.5,1
/data0/zh/VM-UNet/data/isic17/IMD2020/images/c9kmx4q_0.jpg,0.5,1
/data0/zh/VM-UNet/data/isic17/IMD2020/images/c9kn2yy_0.png,0.5,1
/data0/zh/VM-UNet/data/isic17/IMD2020/images/c9kn5q6_0.png,0.5,1
/data0/zh/VM-UNet/data/isic17/IMD2020/images/c9knqlg_0.png,0.5,1
/data0/zh/VM-UNet/data/isic17/IMD2020/images/c9knukz_0.jpg,0.5,1
/data0/zh/VM-UNet/data/isic17/IMD2020/images/c9ko6vm_0.jpg,0.5,1
/data0/zh/VM-UNet/data/isic17/IMD2020/images/c9kp1yg_0.jpg,0.5,1
/data0/zh/VM-UNet/data/isic17/IMD2020/images/c9kqck4_0.jpg,0.5,1
/data0/zh/VM-UNet/data/isic17/IMD2020/images/c9kspnj_0.jpg,0.5,1
/data0/zh/VM-UNet/data/isic17/IMD2020/images/c9kums5_0.jpg,0.5,1
/data0/zh/VM-UNet/data/isic17/IMD2020/images/c9kw0f4_0.jpg,0.5,1
/data0/zh/VM-UNet/data/isic17/IMD2020/images/c9kwco4_0.png,0.5,1
/data0/zh/VM-UNet/data/isic17/IMD2020/images/c9kws3p_0.jpg,0.5,1
/data0/zh/VM-UNet/data/isic17/IMD2020/images/c9kym5f_0.jpg,0.5,1
/data0/zh/VM-UNet/data/isic17/IMD2020/images/c9kyp1k_0.jpg,0.5,1
/data0/zh/VM-UNet/data/isic17/IMD2020/images/c9kyq67_0.jpg,0.5,1
/data0/zh/VM-UNet/data/isic17/IMD2020/images/c9kzet8_0.jpg,0.5,1
/data0/zh/VM-UNet/data/isic17/IMD2020/images/c9l20xa_0.jpg,0.5,1
/data0/zh/VM-UNet/data/isic17/IMD2020/images/c9l2kg9_0.png,0.5,1
/data0/zh/VM-UNet/data/isic17/IMD2020/images/c9l3keq_0.jpg,0.5,1
/data0/zh/VM-UNet/data/isic17/IMD2020/images/c9l4y7e_0.jpg,0.5,1
/data0/zh/VM-UNet/data/isic17/IMD2020/images/c9l597y_0.jpg,0.5,1
/data0/zh/VM-UNet/data/isic17/IMD2020/images/c9l5ksv_0.jpg,0.5,1
/data0/zh/VM-UNet/data/isic17/IMD2020/images/c9l5lkt_0.jpg,0.5,1
/data0/zh/VM-UNet/data/isic17/IMD2020/images/c9l6bwf_0.jpg,0.5,1
/data0/zh/VM-UNet/data/isic17/IMD2020/images/c9l6nsf_0.jpg,0.5,1
/data0/zh/VM-UNet/data/isic17/IMD2020/images/c9l6uz2_0.jpg,0.5,1
/data0/zh/VM-UNet/data/isic17/IMD2020/images/c9l707b_0.jpg,0.5,1
/data0/zh/VM-UNet/data/isic17/IMD2020/images/c9l75x0_0.jpg,0.5,1
/data0/zh/VM-UNet/data/isic17/IMD2020/images/c9l7j1r_0.jpg,0.5,1
/data0/zh/VM-UNet/data/isic17/IMD2020/images/c9l7lmt_0.jpg,0.5,1
/data0/zh/VM-UNet/data/isic17/IMD2020/images/c9l7ppj_0.jpg,0.5,1
/data0/zh/VM-UNet/data/isic17/IMD2020/images/c9l89l2_0.jpg,0.5,1
/data0/zh/VM-UNet/data/isic17/IMD2020/images/c9l8asi_0.jpg,0.5,1
/data0/zh/VM-UNet/data/isic17/IMD2020/images/c9l8c1u_0.png,0.5,1
/data0/zh/VM-UNet/data/isic17/IMD2020/images/c9laeqh_0.jpg,0.5,1
/data0/zh/VM-UNet/data/isic17/IMD2020/images/c9lat0v_0.jpg,0.5,1
/data0/zh/VM-UNet/data/isic17/IMD2020/images/c9lazy2_0.jpg,0.5,1
/data0/zh/VM-UNet/data/isic17/IMD2020/images/c9lcj56_0.jpg,0.5,1
/data0/zh/VM-UNet/data/isic17/IMD2020/images/c9lkxdi_0.png,0.5,1
/data0/zh/VM-UNet/data/isic17/IMD2020/images/c9lkzn4_0.jpg,0.5,1
/data0/zh/VM-UNet/data/isic17/IMD2020/images/c9ll4vo_0.jpg,0.5,1
/data0/zh/VM-UNet/data/isic17/IMD2020/images/c9ll7hu_0.jpg,0.5,1
/data0/zh/VM-UNet/data/isic17/IMD2020/images/c9ll8td_0.jpg,0.5,1
/data0/zh/VM-UNet/data/isic17/IMD2020/images/c9lmn3m_0.jpg,0.5,1
/data0/zh/VM-UNet/data/isic17/IMD2020/images/c9ln0pg_0.jpg,0.5,1
/data0/zh/VM-UNet/data/isic17/IMD2020/images/c9ln2lz_0.jpg,0.5,1
/data0/zh/VM-UNet/data/isic17/IMD2020/images/c9lnb0l_0.jpg,0.5,1
/data0/zh/VM-UNet/data/isic17/IMD2020/images/c9lnfms_0.jpg,0.5,1
/data0/zh/VM-UNet/data/isic17/IMD2020/images/c9lnnea_0.jpg,0.5,1
/data0/zh/VM-UNet/data/isic17/IMD2020/images/c9lnp9v_0.jpg,0.5,1
/data0/zh/VM-UNet/data/isic17/IMD2020/images/c9lo9be_0.jpg,0.5,1
/data0/zh/VM-UNet/data/isic17/IMD2020/images/c9lofx5_0.jpg,0.5,1
/data0/zh/VM-UNet/data/isic17/IMD2020/images/c9lon94_0.png,0.5,1
/data0/zh/VM-UNet/data/isic17/IMD2020/images/c9lp8gw_0.jpg,0.5,1
/data0/zh/VM-UNet/data/isic17/IMD2020/images/c9lpuor_0.jpg,0.5,1
/data0/zh/VM-UNet/data/isic17/IMD2020/images/c9lqbfv_0.jpg,0.5,1
/data0/zh/VM-UNet/data/isic17/IMD2020/images/c9lqecr_0.png,0.5,1
/data0/zh/VM-UNet/data/isic17/IMD2020/images/c9lqual_0.jpg,0.5,1
/data0/zh/VM-UNet/data/isic17/IMD2020/images/c9lqv7f_0.jpg,0.5,1
/data0/zh/VM-UNet/data/isic17/IMD2020/images/c9lqv8m_0.jpg,0.5,1
/data0/zh/VM-UNet/data/isic17/IMD2020/images/c9lqz29_0.jpg,0.5,1
/data0/zh/VM-UNet/data/isic17/IMD2020/images/c9lrb3p_0.jpg,0.5,1
/data0/zh/VM-UNet/data/isic17/IMD2020/images/c9lrubh_0.jpg,0.5,1
/data0/zh/VM-UNet/data/isic17/IMD2020/images/c9ls62j_0.jpg,0.5,1
/data0/zh/VM-UNet/data/isic17/IMD2020/images/c9lslic_0.jpg,0.5,1
/data0/zh/VM-UNet/data/isic17/IMD2020/images/c9lt1dp_0.jpg,0.5,1
/data0/zh/VM-UNet/data/isic17/IMD2020/images/c9ltbe6_0.jpg,0.5,1
/data0/zh/VM-UNet/data/isic17/IMD2020/images/c9ltnkp_0.jpg,0.5,1
/data0/zh/VM-UNet/data/isic17/IMD2020/images/c9ltxrr_0.jpg,0.5,1
/data0/zh/VM-UNet/data/isic17/IMD2020/images/c9lvfdp_0.jpg,0.5,1
/data0/zh/VM-UNet/data/isic17/IMD2020/images/c9lvns7_0.jpg,0.5,1
/data0/zh/VM-UNet/data/isic17/IMD2020/images/c9lvqgs_0.jpg,0.5,1
/data0/zh/VM-UNet/data/isic17/IMD2020/images/c9lyit5_0.jpg,0.5,1
/data0/zh/VM-UNet/data/isic17/IMD2020/images/c9lyu4h_0.jpg,0.5,1
/data0/zh/VM-UNet/data/isic17/IMD2020/images/c9lz131_0.jpg,0.5,1
/data0/zh/VM-UNet/data/isic17/IMD2020/images/c9m1ged_0.jpg,0.5,1
/data0/zh/VM-UNet/data/isic17/IMD2020/images/c9m1ree_0.jpg,0.5,1
/data0/zh/VM-UNet/data/isic17/IMD2020/images/c9m2mgp_0.jpg,0.5,1
/data0/zh/VM-UNet/data/isic17/IMD2020/images/c9m3r45_0.jpg,0.5,1
/data0/zh/VM-UNet/data/isic17/IMD2020/images/c9m59bz_0.jpg,0.5,1
/data0/zh/VM-UNet/data/isic17/IMD2020/images/c9m5ndi_0.jpg,0.5,1
/data0/zh/VM-UNet/data/isic17/IMD2020/images/c9m7kgn_0.jpg,0.5,1
/data0/zh/VM-UNet/data/isic17/IMD2020/images/c9m7wt8_0.png,0.5,1
/data0/zh/VM-UNet/data/isic17/IMD2020/images/c9m8hr9_0.png,0.5,1
/data0/zh/VM-UNet/data/isic17/IMD2020/images/c9m99xu_0.jpg,0.5,1
/data0/zh/VM-UNet/data/isic17/IMD2020/images/c9mdh2i_0.jpg,0.5,1
/data0/zh/VM-UNet/data/isic17/IMD2020/images/c9mdqpy_0.jpg,0.5,1
/data0/zh/VM-UNet/data/isic17/IMD2020/images/c9mf0b8_0.png,0.5,1
/data0/zh/VM-UNet/data/isic17/IMD2020/images/c9mf9lg_0.jpg,0.5,1
/data0/zh/VM-UNet/data/isic17/IMD2020/images/c9mfrd2_0.jpg,0.5,1
/data0/zh/VM-UNet/data/isic17/IMD2020/images/c9mfypt_0.jpg,0.5,1
/data0/zh/VM-UNet/data/isic17/IMD2020/images/c9mg9wr_0.jpg,0.5,1
/data0/zh/VM-UNet/data/isic17/IMD2020/images/c9mgiwj_0.jpg,0.5,1
/data0/zh/VM-UNet/data/isic17/IMD2020/images/c9mgqt3_0.jpg,0.5,1
/data0/zh/VM-UNet/data/isic17/IMD2020/images/c9mgyh0_0.jpg,0.5,1
/data0/zh/VM-UNet/data/isic17/IMD2020/images/c9mhcvf_0.jpg,0.5,1
/data0/zh/VM-UNet/data/isic17/IMD2020/images/c9mho3e_0.jpg,0.5,1
/data0/zh/VM-UNet/data/isic17/IMD2020/images/c9mht38_0.jpg,0.5,1
/data0/zh/VM-UNet/data/isic17/IMD2020/images/c9mib1x_0.jpg,0.5,1
/data0/zh/VM-UNet/data/isic17/IMD2020/images/c9mic78_0.jpg,0.5,1
/data0/zh/VM-UNet/data/isic17/IMD2020/images/c9mivhd_0.jpg,0.5,1
/data0/zh/VM-UNet/data/isic17/IMD2020/images/c9mjrvb_0.jpg,0.5,1
/data0/zh/VM-UNet/data/isic17/IMD2020/images/c9mjv8c_0.jpg,0.5,1
/data0/zh/VM-UNet/data/isic17/IMD2020/images/c9ml96z_0.jpg,0.5,1
/data0/zh/VM-UNet/data/isic17/IMD2020/images/c9mlghk_0.jpg,0.5,1
/data0/zh/VM-UNet/data/isic17/IMD2020/images/c9mpeuk_0.jpg,0.5,1
/data0/zh/VM-UNet/data/isic17/IMD2020/images/c9mriaz_0.jpg,0.5,1
/data0/zh/VM-UNet/data/isic17/IMD2020/images/c9msbgg_0.jpg,0.5,1
/data0/zh/VM-UNet/data/isic17/IMD2020/images/c9mtfwz_0.jpg,0.5,1
/data0/zh/VM-UNet/data/isic17/IMD2020/images/c9mtwu3_0.jpg,0.5,1
/data0/zh/VM-UNet/data/isic17/IMD2020/images/c9mvlue_0.jpg,0.5,1
/data0/zh/VM-UNet/data/isic17/IMD2020/images/c9n0zlx_0.jpg,0.5,1
/data0/zh/VM-UNet/data/isic17/IMD2020/images/c9n1skr_0.jpg,0.5,1
/data0/zh/VM-UNet/data/isic17/IMD2020/images/c9n4613_0.jpg,0.5,1
/data0/zh/VM-UNet/data/isic17/IMD2020/images/c9n4bm5_0.jpg,0.5,1
/data0/zh/VM-UNet/data/isic17/IMD2020/images/c9n64mb_0.jpg,0.5,1
/data0/zh/VM-UNet/data/isic17/IMD2020/images/c9n6ne8_0.jpg,0.5,1
/data0/zh/VM-UNet/data/isic17/IMD2020/images/c9n70f3_0.jpg,0.5,1
/data0/zh/VM-UNet/data/isic17/IMD2020/images/c9n90q8_0.jpg,0.5,1
/data0/zh/VM-UNet/data/isic17/IMD2020/images/c9n96qs_0.jpg,0.5,1
/data0/zh/VM-UNet/data/isic17/IMD2020/images/c9n98ue_0.jpg,0.5,1
/data0/zh/VM-UNet/data/isic17/IMD2020/images/c9n9au8_0.jpg,0.5,1
/data0/zh/VM-UNet/data/isic17/IMD2020/images/c9n9bnt_0.jpg,0.5,1
/data0/zh/VM-UNet/data/isic17/IMD2020/images/c9nau5v_0.jpg,0.5,1
/data0/zh/VM-UNet/data/isic17/IMD2020/images/c9nb0ph_0.jpg,0.5,1
/data0/zh/VM-UNet/data/isic17/IMD2020/images/c9nbea3_0.jpg,0.5,1
/data0/zh/VM-UNet/data/isic17/IMD2020/images/c9nbxwv_0.jpg,0.5,1
/data0/zh/VM-UNet/data/isic17/IMD2020/images/c9nds5g_0.jpg,0.5,1
/data0/zh/VM-UNet/data/isic17/IMD2020/images/c9ne5m1_0.png,0.5,1
/data0/zh/VM-UNet/data/isic17/IMD2020/images/c9nf4zp_0.jpg,0.5,1
/data0/zh/VM-UNet/data/isic17/IMD2020/images/c9nfts5_0.jpg,0.5,1
/data0/zh/VM-UNet/data/isic17/IMD2020/images/c9nfw8h_0.jpg,0.5,1
/data0/zh/VM-UNet/data/isic17/IMD2020/images/c9nhm96_0.jpg,0.5,1
/data0/zh/VM-UNet/data/isic17/IMD2020/images/c9ni4dr_0.jpg,0.5,1
/data0/zh/VM-UNet/data/isic17/IMD2020/images/c9njmjd_0.jpg,0.5,1
/data0/zh/VM-UNet/data/isic17/IMD2020/images/c9njsph_0.jpg,0.5,1
/data0/zh/VM-UNet/data/isic17/IMD2020/images/c9njyrr_0.jpg,0.5,1
/data0/zh/VM-UNet/data/isic17/IMD2020/images/c9nk4s4_0.jpg,0.5,1
/data0/zh/VM-UNet/data/isic17/IMD2020/images/c9nk828_0.jpg,0.5,1
/data0/zh/VM-UNet/data/isic17/IMD2020/images/c9nkbnj_0.jpg,0.5,1
/data0/zh/VM-UNet/data/isic17/IMD2020/images/c9nkk3r_0.jpg,0.5,1
/data0/zh/VM-UNet/data/isic17/IMD2020/images/c9nknvd_0.png,0.5,1
/data0/zh/VM-UNet/data/isic17/IMD2020/images/c9nks0m_0.jpg,0.5,1
/data0/zh/VM-UNet/data/isic17/IMD2020/images/c9nl77k_0.jpg,0.5,1
/data0/zh/VM-UNet/data/isic17/IMD2020/images/c9nma8l_0.jpg,0.5,1
/data0/zh/VM-UNet/data/isic17/IMD2020/images/c9nmqfd_0.jpg,0.5,1
/data0/zh/VM-UNet/data/isic17/IMD2020/images/c9npg11_0.jpg,0.5,1
/data0/zh/VM-UNet/data/isic17/IMD2020/images/c9nqp2a_0.jpg,0.5,1
/data0/zh/VM-UNet/data/isic17/IMD2020/images/c9nra1a_0.jpg,0.5,1
/data0/zh/VM-UNet/data/isic17/IMD2020/images/c9nt2o8_0.jpg,0.5,1
/data0/zh/VM-UNet/data/isic17/IMD2020/images/c9ntew0_0.jpg,0.5,1
/data0/zh/VM-UNet/data/isic17/IMD2020/images/c9ntuji_0.jpg,0.5,1
/data0/zh/VM-UNet/data/isic17/IMD2020/images/c9nty5e_0.jpg,0.5,1
/data0/zh/VM-UNet/data/isic17/IMD2020/images/c9nu96c_0.jpg,0.5,1
/data0/zh/VM-UNet/data/isic17/IMD2020/images/c9nuh5z_0.jpg,0.5,1
/data0/zh/VM-UNet/data/isic17/IMD2020/images/c9nuhbj_0.jpg,0.5,1
/data0/zh/VM-UNet/data/isic17/IMD2020/images/c9nut9u_0.jpg,0.5,1
/data0/zh/VM-UNet/data/isic17/IMD2020/images/c9nuvz4_0.jpg,0.5,1
/data0/zh/VM-UNet/data/isic17/IMD2020/images/c9nuy5u_0.jpg,0.5,1
/data0/zh/VM-UNet/data/isic17/IMD2020/images/c9nv7k9_0.png,0.5,1
/data0/zh/VM-UNet/data/isic17/IMD2020/images/c9nvi4n_0.jpg,0.5,1
/data0/zh/VM-UNet/data/isic17/IMD2020/images/c9nvnky_0.jpg,0.5,1
/data0/zh/VM-UNet/data/isic17/IMD2020/images/c9nvnml_0.jpg,0.5,1
/data0/zh/VM-UNet/data/isic17/IMD2020/images/c9nvpcp_0.jpg,0.5,1
/data0/zh/VM-UNet/data/isic17/IMD2020/images/c9nw6k4_0.jpg,0.5,1
/data0/zh/VM-UNet/data/isic17/IMD2020/images/c9nwdn2_0.jpg,0.5,1
/data0/zh/VM-UNet/data/isic17/IMD2020/images/c9nwfkt_0.jpg,0.5,1
/data0/zh/VM-UNet/data/isic17/IMD2020/images/c9nwr7t_0.jpg,0.5,1
/data0/zh/VM-UNet/data/isic17/IMD2020/images/c9nx3jn_0.jpg,0.5,1
/data0/zh/VM-UNet/data/isic17/IMD2020/images/c9nxj2d_0.jpg,0.5,1
/data0/zh/VM-UNet/data/isic17/IMD2020/images/c9nxok1_0.jpg,0.5,1
/data0/zh/VM-UNet/data/isic17/IMD2020/images/c9nxumx_0.jpg,0.5,1
/data0/zh/VM-UNet/data/isic17/IMD2020/images/c9nxx81_0.png,0.5,1
/data0/zh/VM-UNet/data/isic17/IMD2020/images/c9nxy4w_0.png,0.5,1
/data0/zh/VM-UNet/data/isic17/IMD2020/images/c9nytom_0.jpg,0.5,1
/data0/zh/VM-UNet/data/isic17/IMD2020/images/c9nz0zs_0.jpg,0.5,1
/data0/zh/VM-UNet/data/isic17/IMD2020/images/c9nzsmx_0.jpg,0.5,1
/data0/zh/VM-UNet/data/isic17/IMD2020/images/c9nzxnk_0.jpg,0.5,1
/data0/zh/VM-UNet/data/isic17/IMD2020/images/c9o08b5_0.jpg,0.5,1
/data0/zh/VM-UNet/data/isic17/IMD2020/images/c9o0hnh_0.jpg,0.5,1
/data0/zh/VM-UNet/data/isic17/IMD2020/images/c9o1k73_0.jpg,0.5,1
/data0/zh/VM-UNet/data/isic17/IMD2020/images/c9o1y6b_0.jpg,0.5,1
/data0/zh/VM-UNet/data/isic17/IMD2020/images/c9o1yg4_0.jpg,0.5,1
/data0/zh/VM-UNet/data/isic17/IMD2020/images/c9o2ydg_0.jpg,0.5,1
/data0/zh/VM-UNet/data/isic17/IMD2020/images/c9o3qze_0.jpg,0.5,1
/data0/zh/VM-UNet/data/isic17/IMD2020/images/c9o3z78_0.jpg,0.5,1
/data0/zh/VM-UNet/data/isic17/IMD2020/images/c9o4h65_0.jpg,0.5,1
/data0/zh/VM-UNet/data/isic17/IMD2020/images/c9o51n8_0.jpg,0.5,1
/data0/zh/VM-UNet/data/isic17/IMD2020/images/c9o54v5_0.jpg,0.5,1
/data0/zh/VM-UNet/data/isic17/IMD2020/images/c9o5mjb_0.jpg,0.5,1
/data0/zh/VM-UNet/data/isic17/IMD2020/images/c9o6082_0.jpg,0.5,1
/data0/zh/VM-UNet/data/isic17/IMD2020/images/c9o6bus_0.jpg,0.5,1
/data0/zh/VM-UNet/data/isic17/IMD2020/images/c9o6e0q_0.png,0.5,1
/data0/zh/VM-UNet/data/isic17/IMD2020/images/c9o85b2_0.png,0.5,1
/data0/zh/VM-UNet/data/isic17/IMD2020/images/c9o87nu_0.jpg,0.5,1
/data0/zh/VM-UNet/data/isic17/IMD2020/images/c9o8vr7_0.jpg,0.5,1
/data0/zh/VM-UNet/data/isic17/IMD2020/images/c9o979d_0.jpg,0.5,1
/data0/zh/VM-UNet/data/isic17/IMD2020/images/c9oc4q6_0.jpg,0.5,1
/data0/zh/VM-UNet/data/isic17/IMD2020/images/c9oce7b_0.jpg,0.5,1
/data0/zh/VM-UNet/data/isic17/IMD2020/images/c9ocka2_0.png,0.5,1
/data0/zh/VM-UNet/data/isic17/IMD2020/images/c9ockip_0.jpg,0.5,1
/data0/zh/VM-UNet/data/isic17/IMD2020/images/c9octsz_0.jpg,0.5,1
/data0/zh/VM-UNet/data/isic17/IMD2020/images/c9ocul2_0.jpg,0.5,1
/data0/zh/VM-UNet/data/isic17/IMD2020/images/c9od2bp_0.jpg,0.5,1
/data0/zh/VM-UNet/data/isic17/IMD2020/images/c9odpwo_0.jpg,0.5,1
/data0/zh/VM-UNet/data/isic17/IMD2020/images/c9oe4ae_0.jpg,0.5,1
/data0/zh/VM-UNet/data/isic17/IMD2020/images/c9oe89a_0.jpg,0.5,1
/data0/zh/VM-UNet/data/isic17/IMD2020/images/c9oej2d_0.jpg,0.5,1
/data0/zh/VM-UNet/data/isic17/IMD2020/images/c9oexva_0.jpg,0.5,1
/data0/zh/VM-UNet/data/isic17/IMD2020/images/c9ogiu1_0.jpg,0.5,1
/data0/zh/VM-UNet/data/isic17/IMD2020/images/c9ohsnw_0.jpg,0.5,1
/data0/zh/VM-UNet/data/isic17/IMD2020/images/c9oinbz_0.jpg,0.5,1
/data0/zh/VM-UNet/data/isic17/IMD2020/images/c9oiun2_0.jpg,0.5,1
/data0/zh/VM-UNet/data/isic17/IMD2020/images/c9ojssa_0.jpg,0.5,1
/data0/zh/VM-UNet/data/isic17/IMD2020/images/c9omlsl_0.jpg,0.5,1
/data0/zh/VM-UNet/data/isic17/IMD2020/images/c9orbjh_0.jpg,0.5,1
/data0/zh/VM-UNet/data/isic17/IMD2020/images/c9orhl5_0.jpg,0.5,1
/data0/zh/VM-UNet/data/isic17/IMD2020/images/c9oridj_0.jpg,0.5,1
/data0/zh/VM-UNet/data/isic17/IMD2020/images/c9os1tp_0.jpg,0.5,1
/data0/zh/VM-UNet/data/isic17/IMD2020/images/c9os3m3_0.jpg,0.5,1
/data0/zh/VM-UNet/data/isic17/IMD2020/images/c9ouujp_0.jpg,0.5,1
/data0/zh/VM-UNet/data/isic17/IMD2020/images/c9oviie_0.jpg,0.5,1
/data0/zh/VM-UNet/data/isic17/IMD2020/images/c9owhds_0.jpg,0.5,1
/data0/zh/VM-UNet/data/isic17/IMD2020/images/c9owniu_0.jpg,0.5,1
/data0/zh/VM-UNet/data/isic17/IMD2020/images/c9owyxs_0.jpg,0.5,1
/data0/zh/VM-UNet/data/isic17/IMD2020/images/c9oz0g4_0.jpg,0.5,1
/data0/zh/VM-UNet/data/isic17/IMD2020/images/c9oz87d_0.jpg,0.5,1
/data0/zh/VM-UNet/data/isic17/IMD2020/images/c9ozajr_0.jpg,0.5,1
/data0/zh/VM-UNet/data/isic17/IMD2020/images/c9ozb2v_0.jpg,0.5,1
/data0/zh/VM-UNet/data/isic17/IMD2020/images/c9ozgv4_0.jpg,0.5,1
/data0/zh/VM-UNet/data/isic17/IMD2020/images/c9ozu20_0.jpg,0.5,1
/data0/zh/VM-UNet/data/isic17/IMD2020/images/c9p01qy_0.jpg,0.5,1
/data0/zh/VM-UNet/data/isic17/IMD2020/images/c9p0mfv_0.jpg,0.5,1
/data0/zh/VM-UNet/data/isic17/IMD2020/images/c9p1j4k_0.jpg,0.5,1
/data0/zh/VM-UNet/data/isic17/IMD2020/images/c9p282z_0.jpg,0.5,1
/data0/zh/VM-UNet/data/isic17/IMD2020/images/c9p2hfz_0.png,0.5,1
/data0/zh/VM-UNet/data/isic17/IMD2020/images/c9p4sou_0.jpg,0.5,1
/data0/zh/VM-UNet/data/isic17/IMD2020/images/c9p5bmr_0.jpg,0.5,1
/data0/zh/VM-UNet/data/isic17/IMD2020/images/c9p6j5b_0.jpg,0.5,1
/data0/zh/VM-UNet/data/isic17/IMD2020/images/c9p7smn_0.jpg,0.5,1
/data0/zh/VM-UNet/data/isic17/IMD2020/images/c9pefdl_0.jpg,0.5,1
/data0/zh/VM-UNet/data/isic17/IMD2020/images/c9pfl6d_0.jpg,0.5,1
/data0/zh/VM-UNet/data/isic17/IMD2020/images/c9pfqeq_0.jpg,0.5,1
/data0/zh/VM-UNet/data/isic17/IMD2020/images/c9pfvx9_0.jpg,0.5,1
/data0/zh/VM-UNet/data/isic17/IMD2020/images/c9pgah7_0.jpg,0.5,1
/data0/zh/VM-UNet/data/isic17/IMD2020/images/c9pgddf_0.jpg,0.5,1
/data0/zh/VM-UNet/data/isic17/IMD2020/images/c9pged8_0.png,0.5,1
/data0/zh/VM-UNet/data/isic17/IMD2020/images/c9pgi5r_0.jpg,0.5,1
/data0/zh/VM-UNet/data/isic17/IMD2020/images/c9pgmbx_0.jpg,0.5,1
/data0/zh/VM-UNet/data/isic17/IMD2020/images/c9pgyxl_0.jpg,0.5,1
/data0/zh/VM-UNet/data/isic17/IMD2020/images/c9pilty_0.jpg,0.5,1
/data0/zh/VM-UNet/data/isic17/IMD2020/images/c9pj6yb_0.jpg,0.5,1
/data0/zh/VM-UNet/data/isic17/IMD2020/images/c9pju0e_0.jpg,0.5,1
/data0/zh/VM-UNet/data/isic17/IMD2020/images/c9plhb5_0.jpg,0.5,1
/data0/zh/VM-UNet/data/isic17/IMD2020/images/c9plxty_0.png,0.5,1
/data0/zh/VM-UNet/data/isic17/IMD2020/images/c9pmfw0_0.jpg,0.5,1
/data0/zh/VM-UNet/data/isic17/IMD2020/images/c9pmle5_0.jpg,0.5,1
/data0/zh/VM-UNet/data/isic17/IMD2020/images/c9pmrb5_0.jpg,0.5,1
/data0/zh/VM-UNet/data/isic17/IMD2020/images/c9pmyfj_0.jpg,0.5,1
/data0/zh/VM-UNet/data/isic17/IMD2020/images/c9pmymm_0.jpg,0.5,1
/data0/zh/VM-UNet/data/isic17/IMD2020/images/c9pn1gz_0.jpg,0.5,1
/data0/zh/VM-UNet/data/isic17/IMD2020/images/c9pn1hj_0.jpg,0.5,1
/data0/zh/VM-UNet/data/isic17/IMD2020/images/c9pnfbw_0.jpg,0.5,1
/data0/zh/VM-UNet/data/isic17/IMD2020/images/c9pnjfr_0.jpg,0.5,1
/data0/zh/VM-UNet/data/isic17/IMD2020/images/c9pnr75_0.jpg,0.5,1
/data0/zh/VM-UNet/data/isic17/IMD2020/images/c9pnuvp_0.jpg,0.5,1
/data0/zh/VM-UNet/data/isic17/IMD2020/images/c9pojdy_0.jpg,0.5,1
/data0/zh/VM-UNet/data/isic17/IMD2020/images/c9poq56_0.jpg,0.5,1
/data0/zh/VM-UNet/data/isic17/IMD2020/images/c9pp2db_0.jpg,0.5,1
/data0/zh/VM-UNet/data/isic17/IMD2020/images/c9ppuxs_0.jpg,0.5,1
/data0/zh/VM-UNet/data/isic17/IMD2020/images/c9pq1oo_0.jpg,0.5,1
/data0/zh/VM-UNet/data/isic17/IMD2020/images/c9pqbmt_0.jpg,0.5,1
/data0/zh/VM-UNet/data/isic17/IMD2020/images/c9pqiu6_0.jpg,0.5,1
/data0/zh/VM-UNet/data/isic17/IMD2020/images/c9prbhe_0.jpg,0.5,1
/data0/zh/VM-UNet/data/isic17/IMD2020/images/c9prszs_0.jpg,0.5,1
/data0/zh/VM-UNet/data/isic17/IMD2020/images/c9prwxt_0.png,0.5,1
/data0/zh/VM-UNet/data/isic17/IMD2020/images/c9ps27s_0.jpg,0.5,1
/data0/zh/VM-UNet/data/isic17/IMD2020/images/c9pse6z_0.jpg,0.5,1
/data0/zh/VM-UNet/data/isic17/IMD2020/images/c9pskj4_0.jpg,0.5,1
/data0/zh/VM-UNet/data/isic17/IMD2020/images/c9pu31c_0.jpg,0.5,1
/data0/zh/VM-UNet/data/isic17/IMD2020/images/c9pufrq_0.jpg,0.5,1
/data0/zh/VM-UNet/data/isic17/IMD2020/images/c9pur9b_0.jpg,0.5,1
/data0/zh/VM-UNet/data/isic17/IMD2020/images/c9pw7al_0.jpg,0.5,1
/data0/zh/VM-UNet/data/isic17/IMD2020/images/c9px7bq_0.jpg,0.5,1
/data0/zh/VM-UNet/data/isic17/IMD2020/images/c9pxyb3_0.jpg,0.5,1
/data0/zh/VM-UNet/data/isic17/IMD2020/images/c9q0f2e_0.png,0.5,1
/data0/zh/VM-UNet/data/isic17/IMD2020/images/c9q0ksk_0.jpg,0.5,1
/data0/zh/VM-UNet/data/isic17/IMD2020/images/c9q1yvj_0.jpg,0.5,1
/data0/zh/VM-UNet/data/isic17/IMD2020/images/c9q9vd2_0.jpg,0.5,1
/data0/zh/VM-UNet/data/isic17/IMD2020/images/c9qa0jn_0.jpg,0.5,1
/data0/zh/VM-UNet/data/isic17/IMD2020/images/c9qa804_0.jpg,0.5,1
/data0/zh/VM-UNet/data/isic17/IMD2020/images/c9qbapf_0.jpg,0.5,1
/data0/zh/VM-UNet/data/isic17/IMD2020/images/c9qbb3c_0.jpg,0.5,1
/data0/zh/VM-UNet/data/isic17/IMD2020/images/c9qbf36_0.jpg,0.5,1
/data0/zh/VM-UNet/data/isic17/IMD2020/images/c9qbijq_0.jpg,0.5,1
/data0/zh/VM-UNet/data/isic17/IMD2020/images/c9qbl44_0.png,0.5,1
/data0/zh/VM-UNet/data/isic17/IMD2020/images/c9qblv3_0.jpg,0.5,1
/data0/zh/VM-UNet/data/isic17/IMD2020/images/c9qbopn_0.jpg,0.5,1
/data0/zh/VM-UNet/data/isic17/IMD2020/images/c9qbqiy_0.jpg,0.5,1
/data0/zh/VM-UNet/data/isic17/IMD2020/images/c9qbx13_0.png,0.5,1
/data0/zh/VM-UNet/data/isic17/IMD2020/images/c9qc61f_0.jpg,0.5,1
/data0/zh/VM-UNet/data/isic17/IMD2020/images/c9qchcl_0.jpg,0.5,1
/data0/zh/VM-UNet/data/isic17/IMD2020/images/c9qcjlz_0.jpg,0.5,1
/data0/zh/VM-UNet/data/isic17/IMD2020/images/c9qck5s_0.jpg,0.5,1
/data0/zh/VM-UNet/data/isic17/IMD2020/images/c9qclh8_0.jpg,0.5,1
/data0/zh/VM-UNet/data/isic17/IMD2020/images/c9qct83_0.png,0.5,1
/data0/zh/VM-UNet/data/isic17/IMD2020/images/c9qd0uq_0.jpg,0.5,1
/data0/zh/VM-UNet/data/isic17/IMD2020/images/c9qdz3g_0.jpg,0.5,1
/data0/zh/VM-UNet/data/isic17/IMD2020/images/c9qeolo_0.jpg,0.5,1
/data0/zh/VM-UNet/data/isic17/IMD2020/images/c9qesys_0.jpg,0.5,1
/data0/zh/VM-UNet/data/isic17/IMD2020/images/c9qf78w_0.jpg,0.5,1
/data0/zh/VM-UNet/data/isic17/IMD2020/images/c9qf8d5_0.jpg,0.5,1
/data0/zh/VM-UNet/data/isic17/IMD2020/images/c9qf9n8_0.jpg,0.5,1
/data0/zh/VM-UNet/data/isic17/IMD2020/images/c9qfggr_0.jpg,0.5,1
/data0/zh/VM-UNet/data/isic17/IMD2020/images/c9qfljn_0.jpg,0.5,1
/data0/zh/VM-UNet/data/isic17/IMD2020/images/c9qgg7m_0.png,0.5,1
/data0/zh/VM-UNet/data/isic17/IMD2020/images/c9qgjzt_0.jpg,0.5,1
/data0/zh/VM-UNet/data/isic17/IMD2020/images/c9qgsja_0.jpg,0.5,1
/data0/zh/VM-UNet/data/isic17/IMD2020/images/c9qh57b_0.jpg,0.5,1
/data0/zh/VM-UNet/data/isic17/IMD2020/images/c9qhgpe_0.jpg,0.5,1
/data0/zh/VM-UNet/data/isic17/IMD2020/images/c9qhtma_0.jpg,0.5,1
/data0/zh/VM-UNet/data/isic17/IMD2020/images/c9qhy6w_0.jpg,0.5,1
/data0/zh/VM-UNet/data/isic17/IMD2020/images/c9qj2yg_0.jpg,0.5,1
/data0/zh/VM-UNet/data/isic17/IMD2020/images/c9qjgce_0.jpg,0.5,1
/data0/zh/VM-UNet/data/isic17/IMD2020/images/c9qjqw1_0.jpg,0.5,1
/data0/zh/VM-UNet/data/isic17/IMD2020/images/c9ql7s0_0.jpg,0.5,1
/data0/zh/VM-UNet/data/isic17/IMD2020/images/c9qlwig_0.jpg,0.5,1
/data0/zh/VM-UNet/data/isic17/IMD2020/images/c9qlz7i_0.jpg,0.5,1
/data0/zh/VM-UNet/data/isic17/IMD2020/images/c9qm1u8_0.jpg,0.5,1
/data0/zh/VM-UNet/data/isic17/IMD2020/images/c9qn2pn_0.jpg,0.5,1
/data0/zh/VM-UNet/data/isic17/IMD2020/images/c9qqxbn_0.jpg,0.5,1
/data0/zh/VM-UNet/data/isic17/IMD2020/images/c9qs50l_0.jpg,0.5,1
/data0/zh/VM-UNet/data/isic17/IMD2020/images/c9qu9on_0.jpg,0.5,1
/data0/zh/VM-UNet/data/isic17/IMD2020/images/c9qvtyc_0.jpg,0.5,1
/data0/zh/VM-UNet/data/isic17/IMD2020/images/c9qwcfj_0.jpg,0.5,1
/data0/zh/VM-UNet/data/isic17/IMD2020/images/c9qxrer_0.png,0.5,1
/data0/zh/VM-UNet/data/isic17/IMD2020/images/c9qyul2_0.jpg,0.5,1
/data0/zh/VM-UNet/data/isic17/IMD2020/images/c9qzamk_0.png,0.5,1
/data0/zh/VM-UNet/data/isic17/IMD2020/images/c9r01uk_0.jpg,0.5,1
/data0/zh/VM-UNet/data/isic17/IMD2020/images/c9r0i3p_0.jpg,0.5,1
/data0/zh/VM-UNet/data/isic17/IMD2020/images/c9r116y_0.jpg,0.5,1
/data0/zh/VM-UNet/data/isic17/IMD2020/images/c9r11np_0.jpg,0.5,1
/data0/zh/VM-UNet/data/isic17/IMD2020/images/c9r1e51_0.jpg,0.5,1
/data0/zh/VM-UNet/data/isic17/IMD2020/images/c9r1x9k_0.jpg,0.5,1
/data0/zh/VM-UNet/data/isic17/IMD2020/images/c9r1yor_0.jpg,0.5,1
/data0/zh/VM-UNet/data/isic17/IMD2020/images/c9r227u_0.jpg,0.5,1
/data0/zh/VM-UNet/data/isic17/IMD2020/images/c9r2mxr_0.jpg,0.5,1
/data0/zh/VM-UNet/data/isic17/IMD2020/images/c9r3z04_0.jpg,0.5,1
/data0/zh/VM-UNet/data/isic17/IMD2020/images/c9r4jzf_0.jpg,0.5,1
/data0/zh/VM-UNet/data/isic17/IMD2020/images/c9r4vts_0.jpg,0.5,1
/data0/zh/VM-UNet/data/isic17/IMD2020/images/c9r55jp_0.jpg,0.5,1
/data0/zh/VM-UNet/data/isic17/IMD2020/images/c9r5xdn_0.jpg,0.5,1
/data0/zh/VM-UNet/data/isic17/IMD2020/images/c9r63ei_0.jpg,0.5,1
/data0/zh/VM-UNet/data/isic17/IMD2020/images/c9r6ey7_0.jpg,0.5,1
/data0/zh/VM-UNet/data/isic17/IMD2020/images/c9r6gfi_0.jpg,0.5,1
/data0/zh/VM-UNet/data/isic17/IMD2020/images/c9r6r63_0.jpg,0.5,1
/data0/zh/VM-UNet/data/isic17/IMD2020/images/c9r6z10_0.jpg,0.5,1
/data0/zh/VM-UNet/data/isic17/IMD2020/images/c9r72x2_0.jpg,0.5,1
/data0/zh/VM-UNet/data/isic17/IMD2020/images/c9r7c3k_0.jpg,0.5,1
/data0/zh/VM-UNet/data/isic17/IMD2020/images/c9r7lra_0.jpg,0.5,1
/data0/zh/VM-UNet/data/isic17/IMD2020/images/c9r7vrf_0.jpg,0.5,1
/data0/zh/VM-UNet/data/isic17/IMD2020/images/c9r82u9_0.jpg,0.5,1
/data0/zh/VM-UNet/data/isic17/IMD2020/images/c9r8my1_0.jpg,0.5,1
/data0/zh/VM-UNet/data/isic17/IMD2020/images/c9r8uoc_0.jpg,0.5,1
/data0/zh/VM-UNet/data/isic17/IMD2020/images/c9r9e1p_0.jpg,0.5,1
/data0/zh/VM-UNet/data/isic17/IMD2020/images/c9r9pvh_0.jpg,0.5,1
/data0/zh/VM-UNet/data/isic17/IMD2020/images/c9r9rgc_0.jpg,0.5,1
/data0/zh/VM-UNet/data/isic17/IMD2020/images/c9raw4l_0.jpg,0.5,1
/data0/zh/VM-UNet/data/isic17/IMD2020/images/c9rci56_0.jpg,0.5,1
/data0/zh/VM-UNet/data/isic17/IMD2020/images/c9riqoh_0.jpg,0.5,1
/data0/zh/VM-UNet/data/isic17/IMD2020/images/c9riv1o_0.jpg,0.5,1
/data0/zh/VM-UNet/data/isic17/IMD2020/images/c9rj3zp_0.jpg,0.5,1
/data0/zh/VM-UNet/data/isic17/IMD2020/images/c9rmr49_0.jpg,0.5,1
/data0/zh/VM-UNet/data/isic17/IMD2020/images/c9ro49b_0.jpg,0.5,1
/data0/zh/VM-UNet/data/isic17/IMD2020/images/c9roi3w_0.jpg,0.5,1
/data0/zh/VM-UNet/data/isic17/IMD2020/images/c9rorcy_0.jpg,0.5,1
/data0/zh/VM-UNet/data/isic17/IMD2020/images/c9rp985_0.jpg,0.5,1
/data0/zh/VM-UNet/data/isic17/IMD2020/images/c9rpaia_0.jpg,0.5,1
/data0/zh/VM-UNet/data/isic17/IMD2020/images/c9rrhbu_0.png,0.5,1
/data0/zh/VM-UNet/data/isic17/IMD2020/images/c9rsftz_0.jpg,0.5,1
/data0/zh/VM-UNet/data/isic17/IMD2020/images/c9rsjqz_0.jpg,0.5,1
/data0/zh/VM-UNet/data/isic17/IMD2020/images/c9ru0d5_0.jpg,0.5,1
/data0/zh/VM-UNet/data/isic17/IMD2020/images/c9rv3bk_0.jpg,0.5,1
/data0/zh/VM-UNet/data/isic17/IMD2020/images/c9rwbtx_0.jpg,0.5,1
/data0/zh/VM-UNet/data/isic17/IMD2020/images/c9rwfag_0.jpg,0.5,1
/data0/zh/VM-UNet/data/isic17/IMD2020/images/c9rx5mc_0.jpg,0.5,1
/data0/zh/VM-UNet/data/isic17/IMD2020/images/c9rxhks_0.jpg,0.5,1
/data0/zh/VM-UNet/data/isic17/IMD2020/images/c9ryjzh_0.jpg,0.5,1
/data0/zh/VM-UNet/data/isic17/IMD2020/images/c9rz8bm_0.jpg,0.5,1
/data0/zh/VM-UNet/data/isic17/IMD2020/images/c9s0eqx_0.jpg,0.5,1
/data0/zh/VM-UNet/data/isic17/IMD2020/images/c9s0iit_0.jpg,0.5,1
/data0/zh/VM-UNet/data/isic17/IMD2020/images/c9s0tj6_0.jpg,0.5,1
/data0/zh/VM-UNet/data/isic17/IMD2020/images/c9s10kg_0.jpg,0.5,1
/data0/zh/VM-UNet/data/isic17/IMD2020/images/c9s2tum_0.jpg,0.5,1
/data0/zh/VM-UNet/data/isic17/IMD2020/images/c9s5r36_0.png,0.5,1
/data0/zh/VM-UNet/data/isic17/IMD2020/images/c9s7zuv_0.jpg,0.5,1
/data0/zh/VM-UNet/data/isic17/IMD2020/images/c9s81l3_0.jpg,0.5,1
/data0/zh/VM-UNet/data/isic17/IMD2020/images/c9s89u4_0.jpg,0.5,1
/data0/zh/VM-UNet/data/isic17/IMD2020/images/c9s8qkh_0.jpg,0.5,1
/data0/zh/VM-UNet/data/isic17/IMD2020/images/c9s9ofo_0.jpg,0.5,1
/data0/zh/VM-UNet/data/isic17/IMD2020/images/c9sasg7_0.jpg,0.5,1
/data0/zh/VM-UNet/data/isic17/IMD2020/images/c9saxhk_0.jpg,0.5,1
/data0/zh/VM-UNet/data/isic17/IMD2020/images/c9sb09t_0.jpg,0.5,1
/data0/zh/VM-UNet/data/isic17/IMD2020/images/c9sbtl1_0.jpg,0.5,1
/data0/zh/VM-UNet/data/isic17/IMD2020/images/c9sd8lt_0.jpg,0.5,1
/data0/zh/VM-UNet/data/isic17/IMD2020/images/c9sevmb_0.jpg,0.5,1
/data0/zh/VM-UNet/data/isic17/IMD2020/images/c9sh0l8_0.jpg,0.5,1
/data0/zh/VM-UNet/data/isic17/IMD2020/images/c9sk4y8_0.jpg,0.5,1
/data0/zh/VM-UNet/data/isic17/IMD2020/images/c9skrua_0.jpg,0.5,1
/data0/zh/VM-UNet/data/isic17/IMD2020/images/c9sl9vi_0.jpg,0.5,1
/data0/zh/VM-UNet/data/isic17/IMD2020/images/c9slrk8_0.jpg,0.5,1
/data0/zh/VM-UNet/data/isic17/IMD2020/images/c9smbbb_0.jpg,0.5,1
/data0/zh/VM-UNet/data/isic17/IMD2020/images/c9smxwp_0.jpg,0.5,1
/data0/zh/VM-UNet/data/isic17/IMD2020/images/c9snbpi_0.png,0.5,1
/data0/zh/VM-UNet/data/isic17/IMD2020/images/c9sni90_0.jpg,0.5,1
/data0/zh/VM-UNet/data/isic17/IMD2020/images/c9snzf4_0.jpg,0.5,1
/data0/zh/VM-UNet/data/isic17/IMD2020/images/c9sol61_0.png,0.5,1
/data0/zh/VM-UNet/data/isic17/IMD2020/images/c9spdmn_0.jpg,0.5,1
/data0/zh/VM-UNet/data/isic17/IMD2020/images/c9sq9wb_0.png,0.5,1
/data0/zh/VM-UNet/data/isic17/IMD2020/images/c9ssolx_0.jpg,0.5,1
/data0/zh/VM-UNet/data/isic17/IMD2020/images/c9stktv_0.jpg,0.5,1
/data0/zh/VM-UNet/data/isic17/IMD2020/images/c9sujg5_0.jpg,0.5,1
/data0/zh/VM-UNet/data/isic17/IMD2020/images/c9sut3r_0.jpg,0.5,1
/data0/zh/VM-UNet/data/isic17/IMD2020/images/c9sv7jw_0.jpg,0.5,1
/data0/zh/VM-UNet/data/isic17/IMD2020/images/c9svxax_0.jpg,0.5,1
/data0/zh/VM-UNet/data/isic17/IMD2020/images/c9svxp7_0.png,0.5,1
/data0/zh/VM-UNet/data/isic17/IMD2020/images/c9swoak_0.jpg,0.5,1
/data0/zh/VM-UNet/data/isic17/IMD2020/images/c9swpes_0.jpg,0.5,1
/data0/zh/VM-UNet/data/isic17/IMD2020/images/c9swxup_0.jpg,0.5,1
/data0/zh/VM-UNet/data/isic17/IMD2020/images/c9sx6lo_0.jpg,0.5,1
/data0/zh/VM-UNet/data/isic17/IMD2020/images/c9sx82c_0.jpg,0.5,1
/data0/zh/VM-UNet/data/isic17/IMD2020/images/c9sxsh2_0.jpg,0.5,1
/data0/zh/VM-UNet/data/isic17/IMD2020/images/c9sxszx_0.jpg,0.5,1
/data0/zh/VM-UNet/data/isic17/IMD2020/images/c9sxugb_0.jpg,0.5,1
/data0/zh/VM-UNet/data/isic17/IMD2020/images/c9sxwk6_0.png,0.5,1
/data0/zh/VM-UNet/data/isic17/IMD2020/images/c9sxwtn_0.jpg,0.5,1
/data0/zh/VM-UNet/data/isic17/IMD2020/images/c9sydmi_0.jpg,0.5,1
/data0/zh/VM-UNet/data/isic17/IMD2020/images/c9syfrn_0.jpg,0.5,1
/data0/zh/VM-UNet/data/isic17/IMD2020/images/c9syk85_0.jpg,0.5,1
/data0/zh/VM-UNet/data/isic17/IMD2020/images/c9syx9t_0.jpg,0.5,1
/data0/zh/VM-UNet/data/isic17/IMD2020/images/c9sz63f_0.jpg,0.5,1
/data0/zh/VM-UNet/data/isic17/IMD2020/images/c9sznzx_0.jpg,0.5,1
/data0/zh/VM-UNet/data/isic17/IMD2020/images/c9szqbq_0.jpg,0.5,1
/data0/zh/VM-UNet/data/isic17/IMD2020/images/c9szyfw_0.png,0.5,1
/data0/zh/VM-UNet/data/isic17/IMD2020/images/c9t0nzc_0.png,0.5,1
/data0/zh/VM-UNet/data/isic17/IMD2020/images/c9t11zo_0.jpg,0.5,1
/data0/zh/VM-UNet/data/isic17/IMD2020/images/c9t18zw_0.jpg,0.5,1
/data0/zh/VM-UNet/data/isic17/IMD2020/images/c9t2l1i_0.jpg,0.5,1
/data0/zh/VM-UNet/data/isic17/IMD2020/images/c9t32sp_0.png,0.5,1
/data0/zh/VM-UNet/data/isic17/IMD2020/images/c9t437l_0.jpg,0.5,1
/data0/zh/VM-UNet/data/isic17/IMD2020/images/c9t4d4m_0.jpg,0.5,1
/data0/zh/VM-UNet/data/isic17/IMD2020/images/c9t4vnq_0.jpg,0.5,1
/data0/zh/VM-UNet/data/isic17/IMD2020/images/c9t57ny_0.jpg,0.5,1
/data0/zh/VM-UNet/data/isic17/IMD2020/images/c9t5bpb_0.jpg,0.5,1
/data0/zh/VM-UNet/data/isic17/IMD2020/images/c9t5fpp_0.jpg,0.5,1
/data0/zh/VM-UNet/data/isic17/IMD2020/images/c9t5y36_0.jpg,0.5,1
/data0/zh/VM-UNet/data/isic17/IMD2020/images/c9t6w7g_0.jpg,0.5,1
/data0/zh/VM-UNet/data/isic17/IMD2020/images/c9tc1u1_0.jpg,0.5,1
/data0/zh/VM-UNet/data/isic17/IMD2020/images/c9td4wy_0.jpg,0.5,1
/data0/zh/VM-UNet/data/isic17/IMD2020/images/c9telos_0.jpg,0.5,1
/data0/zh/VM-UNet/data/isic17/IMD2020/images/c9teyfk_0.jpg,0.5,1
/data0/zh/VM-UNet/data/isic17/IMD2020/images/c9tgf50_0.png,0.5,1
/data0/zh/VM-UNet/data/isic17/IMD2020/images/c9th08v_0.jpg,0.5,1
/data0/zh/VM-UNet/data/isic17/IMD2020/images/c9thhyx_0.jpg,0.5,1
/data0/zh/VM-UNet/data/isic17/IMD2020/images/c9ti2l5_0.jpg,0.5,1
/data0/zh/VM-UNet/data/isic17/IMD2020/images/c9tivpo_0.png,0.5,1
/data0/zh/VM-UNet/data/isic17/IMD2020/images/c9tjpep_0.jpg,0.5,1
/data0/zh/VM-UNet/data/isic17/IMD2020/images/c9tl14w_0.png,0.5,1
/data0/zh/VM-UNet/data/isic17/IMD2020/images/c9tm0rs_0.jpg,0.5,1
/data0/zh/VM-UNet/data/isic17/IMD2020/images/c9tmqeu_0.jpg,0.5,1
/data0/zh/VM-UNet/data/isic17/IMD2020/images/c9trg08_0.jpg,0.5,1
/data0/zh/VM-UNet/data/isic17/IMD2020/images/c9tz09a_0.jpg,0.5,1
/data0/zh/VM-UNet/data/isic17/IMD2020/images/c9tzpit_0.jpg,0.5,1
/data0/zh/VM-UNet/data/isic17/IMD2020/images/c9u17mo_0.jpg,0.5,1
/data0/zh/VM-UNet/data/isic17/IMD2020/images/c9u2w1w_0.png,0.5,1
/data0/zh/VM-UNet/data/isic17/IMD2020/images/c9u4fdo_0.jpg,0.5,1
/data0/zh/VM-UNet/data/isic17/IMD2020/images/c9u4rvj_0.jpg,0.5,1
/data0/zh/VM-UNet/data/isic17/IMD2020/images/c9u513b_0.jpg,0.5,1
/data0/zh/VM-UNet/data/isic17/IMD2020/images/c9u54ff_0.jpg,0.5,1
/data0/zh/VM-UNet/data/isic17/IMD2020/images/c9u55gy_0.jpg,0.5,1
/data0/zh/VM-UNet/data/isic17/IMD2020/images/c9u5f90_0.jpg,0.5,1
/data0/zh/VM-UNet/data/isic17/IMD2020/images/c9u5rax_0.jpg,0.5,1
/data0/zh/VM-UNet/data/isic17/IMD2020/images/c9u63t1_0.jpg,0.5,1
/data0/zh/VM-UNet/data/isic17/IMD2020/images/c9u6r0p_0.jpg,0.5,1
/data0/zh/VM-UNet/data/isic17/IMD2020/images/c9u6sk6_0.jpg,0.5,1
/data0/zh/VM-UNet/data/isic17/IMD2020/images/c9u6u6a_0.jpg,0.5,1
/data0/zh/VM-UNet/data/isic17/IMD2020/images/c9u6xhp_0.jpg,0.5,1
/data0/zh/VM-UNet/data/isic17/IMD2020/images/c9u7cgz_0.jpg,0.5,1
/data0/zh/VM-UNet/data/isic17/IMD2020/images/c9u7myf_0.jpg,0.5,1
/data0/zh/VM-UNet/data/isic17/IMD2020/images/c9u8hhh_0.jpg,0.5,1
/data0/zh/VM-UNet/data/isic17/IMD2020/images/c9u8l4u_0.jpg,0.5,1
/data0/zh/VM-UNet/data/isic17/IMD2020/images/c9u8n2n_0.png,0.5,1
/data0/zh/VM-UNet/data/isic17/IMD2020/images/c9u8wpx_0.jpg,0.5,1
/data0/zh/VM-UNet/data/isic17/IMD2020/images/c9u90oo_0.jpg,0.5,1
/data0/zh/VM-UNet/data/isic17/IMD2020/images/c9ua527_0.jpg,0.5,1
/data0/zh/VM-UNet/data/isic17/IMD2020/images/c9uanxz_0.jpg,0.5,1
/data0/zh/VM-UNet/data/isic17/IMD2020/images/c9uaxgp_0.png,0.5,1
/data0/zh/VM-UNet/data/isic17/IMD2020/images/c9uaypt_0.jpg,0.5,1
/data0/zh/VM-UNet/data/isic17/IMD2020/images/c9ub2de_0.jpg,0.5,1
/data0/zh/VM-UNet/data/isic17/IMD2020/images/c9ub2k7_0.jpg,0.5,1
/data0/zh/VM-UNet/data/isic17/IMD2020/images/c9ub6j6_0.jpg,0.5,1
/data0/zh/VM-UNet/data/isic17/IMD2020/images/c9ubdgk_0.jpg,0.5,1
/data0/zh/VM-UNet/data/isic17/IMD2020/images/c9ucsmp_0.jpg,0.5,1
/data0/zh/VM-UNet/data/isic17/IMD2020/images/c9udub9_0.jpg,0.5,1
/data0/zh/VM-UNet/data/isic17/IMD2020/images/c9uep5n_0.jpg,0.5,1
/data0/zh/VM-UNet/data/isic17/IMD2020/images/c9uj2fl_0.png,0.5,1
/data0/zh/VM-UNet/data/isic17/IMD2020/images/c9ulmme_0.jpg,0.5,1
/data0/zh/VM-UNet/data/isic17/IMD2020/images/c9umoqv_0.jpg,0.5,1
/data0/zh/VM-UNet/data/isic17/IMD2020/images/c9uonxh_0.jpg,0.5,1
/data0/zh/VM-UNet/data/isic17/IMD2020/images/c9urh6i_0.jpg,0.5,1
/data0/zh/VM-UNet/data/isic17/IMD2020/images/c9urhu8_0.jpg,0.5,1
/data0/zh/VM-UNet/data/isic17/IMD2020/images/c9uti5t_0.jpg,0.5,1
/data0/zh/VM-UNet/data/isic17/IMD2020/images/c9uud5o_0.png,0.5,1
/data0/zh/VM-UNet/data/isic17/IMD2020/images/c9uudgq_0.jpg,0.5,1
/data0/zh/VM-UNet/data/isic17/IMD2020/images/c9uuuw6_0.jpg,0.5,1
/data0/zh/VM-UNet/data/isic17/IMD2020/images/c9uux1l_0.jpg,0.5,1
/data0/zh/VM-UNet/data/isic17/IMD2020/images/c9uv39w_0.png,0.5,1
/data0/zh/VM-UNet/data/isic17/IMD2020/images/c9uv7su_0.jpg,0.5,1
/data0/zh/VM-UNet/data/isic17/IMD2020/images/c9uvkos_0.jpg,0.5,1
/data0/zh/VM-UNet/data/isic17/IMD2020/images/c9uvpds_0.jpg,0.5,1
/data0/zh/VM-UNet/data/isic17/IMD2020/images/c9uvrvt_0.jpg,0.5,1
/data0/zh/VM-UNet/data/isic17/IMD2020/images/c9uvsh0_0.png,0.5,1
/data0/zh/VM-UNet/data/isic17/IMD2020/images/c9uwhhl_0.jpg,0.5,1
/data0/zh/VM-UNet/data/isic17/IMD2020/images/c9uwpsx_0.jpg,0.5,1
/data0/zh/VM-UNet/data/isic17/IMD2020/images/c9uwqce_0.jpg,0.5,1
/data0/zh/VM-UNet/data/isic17/IMD2020/images/c9uwqsh_0.jpg,0.5,1
/data0/zh/VM-UNet/data/isic17/IMD2020/images/c9uwssv_0.jpg,0.5,1
/data0/zh/VM-UNet/data/isic17/IMD2020/images/c9uyxnv_0.png,0.5,1
/data0/zh/VM-UNet/data/isic17/IMD2020/images/c9v219b_0.jpg,0.5,1
/data0/zh/VM-UNet/data/isic17/IMD2020/images/c9v2juf_0.jpg,0.5,1
/data0/zh/VM-UNet/data/isic17/IMD2020/images/c9v35ql_0.jpg,0.5,1
/data0/zh/VM-UNet/data/isic17/IMD2020/images/c9v4hpr_0.jpg,0.5,1
/data0/zh/VM-UNet/data/isic17/IMD2020/images/c9v4jj6_0.png,0.5,1
/data0/zh/VM-UNet/data/isic17/IMD2020/images/c9v5ckc_0.jpg,0.5,1
/data0/zh/VM-UNet/data/isic17/IMD2020/images/c9v6alw_0.jpg,0.5,1
/data0/zh/VM-UNet/data/isic17/IMD2020/images/c9va3n9_0.jpg,0.5,1
/data0/zh/VM-UNet/data/isic17/IMD2020/images/c9vax7w_0.jpg,0.5,1
/data0/zh/VM-UNet/data/isic17/IMD2020/images/c9vb73a_0.jpg,0.5,1
/data0/zh/VM-UNet/data/isic17/IMD2020/images/c9vbhkz_0.jpg,0.5,1
/data0/zh/VM-UNet/data/isic17/IMD2020/images/c9vbuxe_0.jpg,0.5,1
/data0/zh/VM-UNet/data/isic17/IMD2020/images/c9vc8b8_0.jpg,0.5,1
/data0/zh/VM-UNet/data/isic17/IMD2020/images/c9vcuci_0.jpg,0.5,1
/data0/zh/VM-UNet/data/isic17/IMD2020/images/c9ved2o_0.png,0.5,1
/data0/zh/VM-UNet/data/isic17/IMD2020/images/c9vftfw_0.jpg,0.5,1
/data0/zh/VM-UNet/data/isic17/IMD2020/images/c9vg2t9_0.jpg,0.5,1
/data0/zh/VM-UNet/data/isic17/IMD2020/images/c9vgr3d_0.jpg,0.5,1
/data0/zh/VM-UNet/data/isic17/IMD2020/images/c9vhc8k_0.jpg,0.5,1
/data0/zh/VM-UNet/data/isic17/IMD2020/images/c9vhnha_0.jpg,0.5,1
/data0/zh/VM-UNet/data/isic17/IMD2020/images/c9vin2j_0.png,0.5,1
/data0/zh/VM-UNet/data/isic17/IMD2020/images/c9virda_0.jpg,0.5,1
/data0/zh/VM-UNet/data/isic17/IMD2020/images/c9vk8ni_0.jpg,0.5,1
/data0/zh/VM-UNet/data/isic17/IMD2020/images/c9vl1l0_0.jpg,0.5,1
/data0/zh/VM-UNet/data/isic17/IMD2020/images/c9vljl0_0.jpg,0.5,1
/data0/zh/VM-UNet/data/isic17/IMD2020/images/c9vmmk9_0.jpg,0.5,1
/data0/zh/VM-UNet/data/isic17/IMD2020/images/c9vp3og_0.jpg,0.5,1
/data0/zh/VM-UNet/data/isic17/IMD2020/images/c9vp8tl_0.png,0.5,1
/data0/zh/VM-UNet/data/isic17/IMD2020/images/c9vqeru_0.png,0.5,1
/data0/zh/VM-UNet/data/isic17/IMD2020/images/c9vrg7j_0.png,0.5,1
/data0/zh/VM-UNet/data/isic17/IMD2020/images/c9vruzp_0.jpg,0.5,1
/data0/zh/VM-UNet/data/isic17/IMD2020/images/c9vsemx_0.jpg,0.5,1
/data0/zh/VM-UNet/data/isic17/IMD2020/images/c9vwn43_0.jpg,0.5,1
/data0/zh/VM-UNet/data/isic17/IMD2020/images/c9vwn9s_0.jpg,0.5,1
/data0/zh/VM-UNet/data/isic17/IMD2020/images/c9w2r6t_0.jpg,0.5,1
/data0/zh/VM-UNet/data/isic17/IMD2020/images/c9w33a8_0.jpg,0.5,1
/data0/zh/VM-UNet/data/isic17/IMD2020/images/c9w5t18_0.jpg,0.5,1
/data0/zh/VM-UNet/data/isic17/IMD2020/images/c9w6rkl_0.jpg,0.5,1
/data0/zh/VM-UNet/data/isic17/IMD2020/images/c9w7716_0.jpg,0.5,1
/data0/zh/VM-UNet/data/isic17/IMD2020/images/c9w82t9_0.jpg,0.5,1
/data0/zh/VM-UNet/data/isic17/IMD2020/images/c9w8w2m_0.jpg,0.5,1
/data0/zh/VM-UNet/data/isic17/IMD2020/images/c9w96uz_0.jpg,0.5,1
/data0/zh/VM-UNet/data/isic17/IMD2020/images/c9w9u7a_0.jpg,0.5,1
/data0/zh/VM-UNet/data/isic17/IMD2020/images/c9wa696_0.jpg,0.5,1
/data0/zh/VM-UNet/data/isic17/IMD2020/images/c9wakel_0.jpg,0.5,1
/data0/zh/VM-UNet/data/isic17/IMD2020/images/c9way1w_0.jpg,0.5,1
/data0/zh/VM-UNet/data/isic17/IMD2020/images/c9wbc6o_0.jpg,0.5,1
/data0/zh/VM-UNet/data/isic17/IMD2020/images/c9wcfo6_0.jpg,0.5,1
/data0/zh/VM-UNet/data/isic17/IMD2020/images/c9wcr42_0.jpg,0.5,1
/data0/zh/VM-UNet/data/isic17/IMD2020/images/c9wf4dc_0.jpg,0.5,1
/data0/zh/VM-UNet/data/isic17/IMD2020/images/c9wi5uo_0.png,0.5,1
/data0/zh/VM-UNet/data/isic17/IMD2020/images/c9wp96y_0.jpg,0.5,1
/data0/zh/VM-UNet/data/isic17/IMD2020/images/c9wpjvq_0.jpg,0.5,1
/data0/zh/VM-UNet/data/isic17/IMD2020/images/c9wpljd_0.jpg,0.5,1
/data0/zh/VM-UNet/data/isic17/IMD2020/images/c9wqghc_0.jpg,0.5,1
/data0/zh/VM-UNet/data/isic17/IMD2020/images/c9wr2m9_0.jpg,0.5,1
/data0/zh/VM-UNet/data/isic17/IMD2020/images/c9wrd8e_0.jpg,0.5,1
/data0/zh/VM-UNet/data/isic17/IMD2020/images/c9ws5r0_0.jpg,0.5,1
/data0/zh/VM-UNet/data/isic17/IMD2020/images/c9wua2z_0.jpg,0.5,1
/data0/zh/VM-UNet/data/isic17/IMD2020/images/c9wwhov_0.jpg,0.5,1
/data0/zh/VM-UNet/data/isic17/IMD2020/images/c9wxubr_0.jpg,0.5,1
/data0/zh/VM-UNet/data/isic17/IMD2020/images/c9wybvp_0.jpg,0.5,1
/data0/zh/VM-UNet/data/isic17/IMD2020/images/c9x24tr_0.jpg,0.5,1
/data0/zh/VM-UNet/data/isic17/IMD2020/images/c9x31z7_0.png,0.5,1
/data0/zh/VM-UNet/data/isic17/IMD2020/images/c9x50xh_0.jpg,0.5,1
/data0/zh/VM-UNet/data/isic17/IMD2020/images/c9x67wt_0.jpg,0.5,1
/data0/zh/VM-UNet/data/isic17/IMD2020/images/c9x7jrj_0.jpg,0.5,1
/data0/zh/VM-UNet/data/isic17/IMD2020/images/c9xa55l_0.jpg,0.5,1
/data0/zh/VM-UNet/data/isic17/IMD2020/images/c9xd4rq_0.jpg,0.5,1
/data0/zh/VM-UNet/data/isic17/IMD2020/images/c9xdfvu_0.jpg,0.5,1
/data0/zh/VM-UNet/data/isic17/IMD2020/images/c9xdmhf_0.jpg,0.5,1
/data0/zh/VM-UNet/data/isic17/IMD2020/images/c9xdp5v_0.jpg,0.5,1
/data0/zh/VM-UNet/data/isic17/IMD2020/images/c9xdu1a_0.png,0.5,1
/data0/zh/VM-UNet/data/isic17/IMD2020/images/c9xe80s_0.jpg,0.5,1
/data0/zh/VM-UNet/data/isic17/IMD2020/images/c9xegom_0.png,0.5,1
/data0/zh/VM-UNet/data/isic17/IMD2020/images/c9xfdz5_0.jpg,0.5,1
/data0/zh/VM-UNet/data/isic17/IMD2020/images/c9xfmme_0.jpg,0.5,1
/data0/zh/VM-UNet/data/isic17/IMD2020/images/c9xfzri_0.jpg,0.5,1
/data0/zh/VM-UNet/data/isic17/IMD2020/images/c9xgn8b_0.jpg,0.5,1
/data0/zh/VM-UNet/data/isic17/IMD2020/images/c9xhn4w_0.jpg,0.5,1
/data0/zh/VM-UNet/data/isic17/IMD2020/images/c9xi6ts_0.jpg,0.5,1
/data0/zh/VM-UNet/data/isic17/IMD2020/images/c9xkpkx_0.jpg,0.5,1
/data0/zh/VM-UNet/data/isic17/IMD2020/images/c9xl2zu_0.jpg,0.5,1
/data0/zh/VM-UNet/data/isic17/IMD2020/images/c9xo089_0.jpg,0.5,1
/data0/zh/VM-UNet/data/isic17/IMD2020/images/c9xt8lv_0.jpg,0.5,1
/data0/zh/VM-UNet/data/isic17/IMD2020/images/c9xup2p_0.png,0.5,1
/data0/zh/VM-UNet/data/isic17/IMD2020/images/c9xuxck_0.jpg,0.5,1
/data0/zh/VM-UNet/data/isic17/IMD2020/images/c9xv7da_0.jpg,0.5,1
/data0/zh/VM-UNet/data/isic17/IMD2020/images/c9xwa8e_0.jpg,0.5,1
/data0/zh/VM-UNet/data/isic17/IMD2020/images/ca8jhgo_0.jpg,0.5,1
